chunks/flutter/chunk-00000	r828c-xfer-000
chunks/flutter/chunk-00001	r828c-xfer-000
chunks/flutter/chunk-00002	r828c-xfer-000
chunks/flutter/chunk-00003	r828c-xfer-000
chunks/flutter/chunk-00004	r828c-xfer-000
chunks/flutter/chunk-00005	r828c-xfer-000
chunks/flutter/chunk-00006	r828c-xfer-000
chunks/flutter/chunk-00007	r828c-xfer-000
chunks/flutter/chunk-00008	r828c-xfer-000
chunks/flutter/chunk-00009	r828c-xfer-000
chunks/flutter/chunk-00010	r828c-xfer-000
chunks/flutter/chunk-00011	r828c-xfer-000
chunks/flutter/chunk-00012	r828c-xfer-000
chunks/flutter/chunk-00013	r828c-xfer-000
chunks/flutter/chunk-00014	r828c-xfer-000
chunks/flutter/chunk-00015	r828c-xfer-000
chunks/flutter/chunk-00016	r828c-xfer-000
chunks/flutter/chunk-00017	r828c-xfer-000
chunks/flutter/chunk-00018	r828c-xfer-000
chunks/flutter/chunk-00019	r828c-xfer-000
chunks/flutter/chunk-00020	r828c-xfer-000
chunks/flutter/chunk-00021	r828c-xfer-000
chunks/flutter/chunk-00022	r828c-xfer-000
chunks/flutter/chunk-00023	r828c-xfer-000
chunks/flutter/chunk-00024	r828c-xfer-000
chunks/flutter/chunk-00025	r828c-xfer-001
chunks/flutter/chunk-00026	r828c-xfer-001
chunks/flutter/chunk-00027	r828c-xfer-001
chunks/flutter/chunk-00028	r828c-xfer-001
chunks/flutter/chunk-00029	r828c-xfer-001
chunks/flutter/chunk-00030	r828c-xfer-001
chunks/flutter/chunk-00031	r828c-xfer-001
chunks/flutter/chunk-00032	r828c-xfer-001
chunks/flutter/chunk-00033	r828c-xfer-001
chunks/flutter/chunk-00034	r828c-xfer-001
chunks/flutter/chunk-00035	r828c-xfer-001
chunks/flutter/chunk-00036	r828c-xfer-001
chunks/flutter/chunk-00037	r828c-xfer-001
chunks/flutter/chunk-00038	r828c-xfer-001
chunks/flutter/chunk-00039	r828c-xfer-001
chunks/flutter/chunk-00040	r828c-xfer-001
chunks/flutter/chunk-00041	r828c-xfer-001
chunks/flutter/chunk-00042	r828c-xfer-001
chunks/flutter/chunk-00043	r828c-xfer-001
chunks/flutter/chunk-00044	r828c-xfer-001
chunks/flutter/chunk-00045	r828c-xfer-001
chunks/flutter/chunk-00046	r828c-xfer-001
chunks/flutter/chunk-00047	r828c-xfer-001
chunks/flutter/chunk-00048	r828c-xfer-001
chunks/flutter/chunk-00049	r828c-xfer-001
chunks/flutter/chunk-00050	r828c-xfer-002
chunks/flutter/chunk-00051	r828c-xfer-002
chunks/flutter/chunk-00052	r828c-xfer-002
chunks/flutter/chunk-00053	r828c-xfer-002
chunks/flutter/chunk-00054	r828c-xfer-002
chunks/flutter/chunk-00055	r828c-xfer-002
chunks/flutter/chunk-00056	r828c-xfer-002
chunks/flutter/chunk-00057	r828c-xfer-002
chunks/flutter/chunk-00058	r828c-xfer-002
chunks/flutter/chunk-00059	r828c-xfer-002
chunks/flutter/chunk-00060	r828c-xfer-002
chunks/flutter/chunk-00061	r828c-xfer-002
chunks/flutter/chunk-00062	r828c-xfer-002
chunks/flutter/chunk-00063	r828c-xfer-002
chunks/flutter/chunk-00064	r828c-xfer-002
chunks/flutter/chunk-00065	r828c-xfer-002
chunks/flutter/chunk-00066	r828c-xfer-002
chunks/flutter/chunk-00067	r828c-xfer-002
chunks/flutter/chunk-00068	r828c-xfer-002
chunks/flutter/chunk-00069	r828c-xfer-002
chunks/flutter/chunk-00070	r828c-xfer-002
chunks/flutter/chunk-00071	r828c-xfer-002
chunks/flutter/chunk-00072	r828c-xfer-002
chunks/flutter/chunk-00073	r828c-xfer-002
chunks/flutter/chunk-00074	r828c-xfer-002
chunks/flutter/chunk-00075	r828c-xfer-003
chunks/flutter/chunk-00076	r828c-xfer-003
chunks/flutter/chunk-00077	r828c-xfer-003
chunks/flutter/chunk-00078	r828c-xfer-003
chunks/flutter/chunk-00079	r828c-xfer-003
chunks/flutter/chunk-00080	r828c-xfer-003
chunks/flutter/chunk-00081	r828c-xfer-003
chunks/flutter/chunk-00082	r828c-xfer-003
chunks/flutter/chunk-00083	r828c-xfer-003
chunks/flutter/chunk-00084	r828c-xfer-003
chunks/flutter/chunk-00085	r828c-xfer-003
chunks/flutter/chunk-00086	r828c-xfer-003
chunks/flutter/chunk-00087	r828c-xfer-003
chunks/flutter/chunk-00088	r828c-xfer-003
chunks/flutter/chunk-00089	r828c-xfer-003
chunks/flutter/chunk-00090	r828c-xfer-003
chunks/flutter/chunk-00091	r828c-xfer-003
chunks/flutter/chunk-00092	r828c-xfer-003
chunks/flutter/chunk-00093	r828c-xfer-003
chunks/flutter/chunk-00094	r828c-xfer-003
chunks/flutter/chunk-00095	r828c-xfer-003
chunks/flutter/chunk-00096	r828c-xfer-003
chunks/flutter/chunk-00097	r828c-xfer-003
chunks/flutter/chunk-00098	r828c-xfer-003
chunks/flutter/chunk-00099	r828c-xfer-003
chunks/flutter/chunk-00100	r828c-xfer-004
chunks/flutter/chunk-00101	r828c-xfer-004
chunks/flutter/chunk-00102	r828c-xfer-004
chunks/flutter/chunk-00103	r828c-xfer-004
chunks/flutter/chunk-00104	r828c-xfer-004
chunks/flutter/chunk-00105	r828c-xfer-004
chunks/flutter/chunk-00106	r828c-xfer-004
chunks/flutter/chunk-00107	r828c-xfer-004
chunks/flutter/chunk-00108	r828c-xfer-004
chunks/flutter/chunk-00109	r828c-xfer-004
chunks/flutter/chunk-00110	r828c-xfer-004
chunks/flutter/chunk-00111	r828c-xfer-004
chunks/flutter/chunk-00112	r828c-xfer-004
chunks/flutter/chunk-00113	r828c-xfer-004
chunks/flutter/chunk-00114	r828c-xfer-004
chunks/flutter/chunk-00115	r828c-xfer-004
chunks/flutter/chunk-00116	r828c-xfer-004
chunks/flutter/chunk-00117	r828c-xfer-004
chunks/flutter/chunk-00118	r828c-xfer-004
chunks/flutter/chunk-00119	r828c-xfer-004
chunks/flutter/chunk-00120	r828c-xfer-004
chunks/flutter/chunk-00121	r828c-xfer-004
chunks/flutter/chunk-00122	r828c-xfer-004
chunks/flutter/chunk-00123	r828c-xfer-004
chunks/flutter/chunk-00124	r828c-xfer-004
chunks/flutter/chunk-00125	r828c-xfer-005
chunks/flutter/chunk-00126	r828c-xfer-005
chunks/flutter/chunk-00127	r828c-xfer-005
chunks/flutter/chunk-00128	r828c-xfer-005
chunks/flutter/chunk-00129	r828c-xfer-005
chunks/flutter/chunk-00130	r828c-xfer-005
chunks/flutter/chunk-00131	r828c-xfer-005
chunks/flutter/chunk-00132	r828c-xfer-005
chunks/flutter/chunk-00133	r828c-xfer-005
chunks/flutter/chunk-00134	r828c-xfer-005
chunks/flutter/chunk-00135	r828c-xfer-005
chunks/flutter/chunk-00136	r828c-xfer-005
chunks/flutter/chunk-00137	r828c-xfer-005
chunks/flutter/chunk-00138	r828c-xfer-005
chunks/flutter/chunk-00139	r828c-xfer-005
chunks/flutter/chunk-00140	r828c-xfer-005
chunks/flutter/chunk-00141	r828c-xfer-005
chunks/flutter/chunk-00142	r828c-xfer-005
chunks/flutter/chunk-00143	r828c-xfer-005
chunks/flutter/chunk-00144	r828c-xfer-005
chunks/flutter/chunk-00145	r828c-xfer-005
chunks/flutter/chunk-00146	r828c-xfer-005
chunks/flutter/chunk-00147	r828c-xfer-005
chunks/flutter/chunk-00148	r828c-xfer-005
chunks/flutter/chunk-00149	r828c-xfer-005
chunks/flutter/chunk-00150	r828c-xfer-006
chunks/flutter/chunk-00151	r828c-xfer-006
chunks/flutter/chunk-00152	r828c-xfer-006
chunks/flutter/chunk-00153	r828c-xfer-006
chunks/flutter/chunk-00154	r828c-xfer-006
chunks/flutter/chunk-00155	r828c-xfer-006
chunks/flutter/chunk-00156	r828c-xfer-006
chunks/flutter/chunk-00157	r828c-xfer-006
chunks/flutter/chunk-00158	r828c-xfer-006
chunks/flutter/chunk-00159	r828c-xfer-006
chunks/flutter/chunk-00160	r828c-xfer-006
chunks/flutter/chunk-00161	r828c-xfer-006
chunks/flutter/chunk-00162	r828c-xfer-006
chunks/flutter/chunk-00163	r828c-xfer-006
chunks/flutter/chunk-00164	r828c-xfer-006
chunks/flutter/chunk-00165	r828c-xfer-006
chunks/flutter/chunk-00166	r828c-xfer-006
chunks/flutter/chunk-00167	r828c-xfer-006
chunks/flutter/chunk-00168	r828c-xfer-006
chunks/flutter/chunk-00169	r828c-xfer-006
chunks/flutter/chunk-00170	r828c-xfer-006
chunks/flutter/chunk-00171	r828c-xfer-006
chunks/flutter/chunk-00172	r828c-xfer-006
chunks/flutter/chunk-00173	r828c-xfer-006
chunks/flutter/chunk-00174	r828c-xfer-006
chunks/flutter/chunk-00175	r828c-xfer-007
chunks/flutter/chunk-00176	r828c-xfer-007
chunks/flutter/chunk-00177	r828c-xfer-007
chunks/flutter/chunk-00178	r828c-xfer-007
chunks/flutter/chunk-00179	r828c-xfer-007
chunks/flutter/chunk-00180	r828c-xfer-007
chunks/flutter/chunk-00181	r828c-xfer-007
chunks/flutter/chunk-00182	r828c-xfer-007
chunks/flutter/chunk-00183	r828c-xfer-007
chunks/flutter/chunk-00184	r828c-xfer-007
chunks/flutter/chunk-00185	r828c-xfer-007
chunks/flutter/chunk-00186	r828c-xfer-007
chunks/flutter/chunk-00187	r828c-xfer-007
chunks/flutter/chunk-00188	r828c-xfer-007
chunks/flutter/chunk-00189	r828c-xfer-007
chunks/flutter/chunk-00190	r828c-xfer-007
chunks/flutter/chunk-00191	r828c-xfer-007
chunks/flutter/chunk-00192	r828c-xfer-007
chunks/flutter/chunk-00193	r828c-xfer-007
chunks/flutter/chunk-00194	r828c-xfer-007
chunks/flutter/chunk-00195	r828c-xfer-007
chunks/flutter/chunk-00196	r828c-xfer-007
chunks/flutter/chunk-00197	r828c-xfer-007
chunks/flutter/chunk-00198	r828c-xfer-007
chunks/flutter/chunk-00199	r828c-xfer-007
chunks/flutter/chunk-00200	r828c-xfer-008
chunks/flutter/chunk-00201	r828c-xfer-008
chunks/flutter/chunk-00202	r828c-xfer-008
chunks/flutter/chunk-00203	r828c-xfer-008
chunks/flutter/chunk-00204	r828c-xfer-008
chunks/flutter/chunk-00205	r828c-xfer-008
chunks/flutter/chunk-00206	r828c-xfer-008
chunks/flutter/chunk-00207	r828c-xfer-008
chunks/flutter/chunk-00208	r828c-xfer-008
chunks/flutter/chunk-00209	r828c-xfer-008
chunks/flutter/chunk-00210	r828c-xfer-008
chunks/flutter/chunk-00211	r828c-xfer-008
chunks/flutter/chunk-00212	r828c-xfer-008
chunks/flutter/chunk-00213	r828c-xfer-008
chunks/flutter/chunk-00214	r828c-xfer-008
chunks/flutter/chunk-00215	r828c-xfer-008
chunks/flutter/chunk-00216	r828c-xfer-008
chunks/flutter/chunk-00217	r828c-xfer-008
chunks/flutter/chunk-00218	r828c-xfer-008
chunks/flutter/chunk-00219	r828c-xfer-008
chunks/flutter/chunk-00220	r828c-xfer-008
chunks/flutter/chunk-00221	r828c-xfer-008
chunks/flutter/chunk-00222	r828c-xfer-008
chunks/flutter/chunk-00223	r828c-xfer-008
chunks/flutter/chunk-00224	r828c-xfer-008
chunks/flutter/chunk-00225	r828c-xfer-009
chunks/flutter/chunk-00226	r828c-xfer-009
chunks/flutter/chunk-00227	r828c-xfer-009
chunks/flutter/chunk-00228	r828c-xfer-009
chunks/flutter/chunk-00229	r828c-xfer-009
chunks/flutter/chunk-00230	r828c-xfer-009
chunks/flutter/chunk-00231	r828c-xfer-009
chunks/flutter/chunk-00232	r828c-xfer-009
chunks/flutter/chunk-00233	r828c-xfer-009
chunks/flutter/chunk-00234	r828c-xfer-009
chunks/flutter/chunk-00235	r828c-xfer-009
chunks/flutter/chunk-00236	r828c-xfer-009
chunks/flutter/chunk-00237	r828c-xfer-009
chunks/flutter/chunk-00238	r828c-xfer-009
chunks/flutter/chunk-00239	r828c-xfer-009
chunks/flutter/chunk-00240	r828c-xfer-009
chunks/flutter/chunk-00241	r828c-xfer-009
chunks/flutter/chunk-00242	r828c-xfer-009
chunks/flutter/chunk-00243	r828c-xfer-009
chunks/flutter/chunk-00244	r828c-xfer-009
chunks/flutter/chunk-00245	r828c-xfer-009
chunks/flutter/chunk-00246	r828c-xfer-009
chunks/flutter/chunk-00247	r828c-xfer-009
chunks/flutter/chunk-00248	r828c-xfer-009
chunks/flutter/chunk-00249	r828c-xfer-009
chunks/flutter/chunk-00250	r828c-xfer-010
chunks/flutter/chunk-00251	r828c-xfer-010
chunks/flutter/chunk-00252	r828c-xfer-010
chunks/flutter/chunk-00253	r828c-xfer-010
chunks/flutter/chunk-00254	r828c-xfer-010
chunks/flutter/chunk-00255	r828c-xfer-010
chunks/flutter/chunk-00256	r828c-xfer-010
chunks/flutter/chunk-00257	r828c-xfer-010
chunks/flutter/chunk-00258	r828c-xfer-010
chunks/flutter/chunk-00259	r828c-xfer-010
chunks/flutter/chunk-00260	r828c-xfer-010
chunks/flutter/chunk-00261	r828c-xfer-010
chunks/flutter/chunk-00262	r828c-xfer-010
chunks/flutter/chunk-00263	r828c-xfer-010
chunks/flutter/chunk-00264	r828c-xfer-010
chunks/flutter/chunk-00265	r828c-xfer-010
chunks/flutter/chunk-00266	r828c-xfer-010
chunks/flutter/chunk-00267	r828c-xfer-010
chunks/flutter/chunk-00268	r828c-xfer-010
chunks/flutter/chunk-00269	r828c-xfer-010
chunks/flutter/chunk-00270	r828c-xfer-010
chunks/flutter/chunk-00271	r828c-xfer-010
chunks/flutter/chunk-00272	r828c-xfer-010
chunks/flutter/chunk-00273	r828c-xfer-010
chunks/flutter/chunk-00274	r828c-xfer-010
chunks/flutter/chunk-00275	r828c-xfer-011
chunks/flutter/chunk-00276	r828c-xfer-011
chunks/flutter/chunk-00277	r828c-xfer-011
chunks/flutter/chunk-00278	r828c-xfer-011
chunks/flutter/chunk-00279	r828c-xfer-011
chunks/flutter/chunk-00280	r828c-xfer-011
chunks/flutter/chunk-00281	r828c-xfer-011
chunks/flutter/chunk-00282	r828c-xfer-011
chunks/flutter/chunk-00283	r828c-xfer-011
chunks/flutter/chunk-00284	r828c-xfer-011
chunks/flutter/chunk-00285	r828c-xfer-011
chunks/flutter/chunk-00286	r828c-xfer-011
chunks/flutter/chunk-00287	r828c-xfer-011
chunks/flutter/chunk-00288	r828c-xfer-011
chunks/flutter/chunk-00289	r828c-xfer-011
chunks/flutter/chunk-00290	r828c-xfer-011
chunks/flutter/chunk-00291	r828c-xfer-011
chunks/flutter/chunk-00292	r828c-xfer-011
chunks/flutter/chunk-00293	r828c-xfer-011
chunks/flutter/chunk-00294	r828c-xfer-011
chunks/flutter/chunk-00295	r828c-xfer-011
chunks/flutter/chunk-00296	r828c-xfer-011
chunks/flutter/chunk-00297	r828c-xfer-011
chunks/flutter/chunk-00298	r828c-xfer-011
chunks/flutter/chunk-00299	r828c-xfer-011
chunks/flutter/chunk-00300	r828c-xfer-012
chunks/flutter/chunk-00301	r828c-xfer-012
chunks/flutter/chunk-00302	r828c-xfer-012
chunks/flutter/chunk-00303	r828c-xfer-012
chunks/flutter/chunk-00304	r828c-xfer-012
chunks/flutter/chunk-00305	r828c-xfer-012
chunks/flutter/chunk-00306	r828c-xfer-012
chunks/flutter/chunk-00307	r828c-xfer-012
chunks/flutter/chunk-00308	r828c-xfer-012
chunks/flutter/chunk-00309	r828c-xfer-012
chunks/flutter/chunk-00310	r828c-xfer-012
chunks/flutter/chunk-00311	r828c-xfer-012
chunks/flutter/chunk-00312	r828c-xfer-012
chunks/flutter/chunk-00313	r828c-xfer-012
chunks/flutter/chunk-00314	r828c-xfer-012
chunks/flutter/chunk-00315	r828c-xfer-012
chunks/flutter/chunk-00316	r828c-xfer-012
chunks/flutter/chunk-00317	r828c-xfer-012
chunks/flutter/chunk-00318	r828c-xfer-012
chunks/flutter/chunk-00319	r828c-xfer-012
chunks/flutter/chunk-00320	r828c-xfer-012
chunks/flutter/chunk-00321	r828c-xfer-012
chunks/flutter/chunk-00322	r828c-xfer-012
chunks/flutter/chunk-00323	r828c-xfer-012
chunks/flutter/chunk-00324	r828c-xfer-012
chunks/flutter/chunk-00325	r828c-xfer-013
chunks/flutter/chunk-00326	r828c-xfer-013
chunks/flutter/chunk-00327	r828c-xfer-013
chunks/flutter/chunk-00328	r828c-xfer-013
chunks/flutter/chunk-00329	r828c-xfer-013
chunks/flutter/chunk-00330	r828c-xfer-013
chunks/flutter/chunk-00331	r828c-xfer-013
chunks/flutter/chunk-00332	r828c-xfer-013
chunks/flutter/chunk-00333	r828c-xfer-013
chunks/flutter/chunk-00334	r828c-xfer-013
chunks/flutter/chunk-00335	r828c-xfer-013
chunks/flutter/chunk-00336	r828c-xfer-013
chunks/flutter/chunk-00337	r828c-xfer-013
chunks/flutter/chunk-00338	r828c-xfer-013
chunks/flutter/chunk-00339	r828c-xfer-013
chunks/flutter/chunk-00340	r828c-xfer-013
chunks/flutter/chunk-00341	r828c-xfer-013
chunks/flutter/chunk-00342	r828c-xfer-013
chunks/flutter/chunk-00343	r828c-xfer-013
chunks/flutter/chunk-00344	r828c-xfer-013
chunks/flutter/chunk-00345	r828c-xfer-013
chunks/flutter/chunk-00346	r828c-xfer-013
chunks/flutter/chunk-00347	r828c-xfer-013
chunks/flutter/chunk-00348	r828c-xfer-013
chunks/flutter/chunk-00349	r828c-xfer-013
chunks/flutter/chunk-00350	r828c-xfer-014
chunks/flutter/chunk-00351	r828c-xfer-014
chunks/flutter/chunk-00352	r828c-xfer-014
chunks/flutter/chunk-00353	r828c-xfer-014
chunks/flutter/chunk-00354	r828c-xfer-014
chunks/flutter/chunk-00355	r828c-xfer-014
chunks/flutter/chunk-00356	r828c-xfer-014
chunks/flutter/chunk-00357	r828c-xfer-014
chunks/flutter/chunk-00358	r828c-xfer-014
chunks/flutter/chunk-00359	r828c-xfer-014
chunks/flutter/chunk-00360	r828c-xfer-014
chunks/flutter/chunk-00361	r828c-xfer-014
chunks/flutter/chunk-00362	r828c-xfer-014
chunks/flutter/chunk-00363	r828c-xfer-014
chunks/flutter/chunk-00364	r828c-xfer-014
chunks/flutter/chunk-00365	r828c-xfer-014
chunks/flutter/chunk-00366	r828c-xfer-014
chunks/flutter/chunk-00367	r828c-xfer-014
chunks/flutter/chunk-00368	r828c-xfer-014
chunks/flutter/chunk-00369	r828c-xfer-014
chunks/flutter/chunk-00370	r828c-xfer-014
chunks/flutter/chunk-00371	r828c-xfer-014
chunks/flutter/chunk-00372	r828c-xfer-014
chunks/flutter/chunk-00373	r828c-xfer-014
chunks/flutter/chunk-00374	r828c-xfer-014
chunks/flutter/chunk-00375	r828c-xfer-015
chunks/flutter/chunk-00376	r828c-xfer-015
chunks/flutter/chunk-00377	r828c-xfer-015
chunks/flutter/chunk-00378	r828c-xfer-015
chunks/flutter/chunk-00379	r828c-xfer-015
chunks/flutter/chunk-00380	r828c-xfer-015
chunks/flutter/chunk-00381	r828c-xfer-015
chunks/flutter/chunk-00382	r828c-xfer-015
chunks/flutter/chunk-00383	r828c-xfer-015
chunks/flutter/chunk-00384	r828c-xfer-015
chunks/flutter/chunk-00385	r828c-xfer-015
chunks/flutter/chunk-00386	r828c-xfer-015
chunks/flutter/chunk-00387	r828c-xfer-015
chunks/flutter/chunk-00388	r828c-xfer-015
chunks/flutter/chunk-00389	r828c-xfer-015
chunks/flutter/chunk-00390	r828c-xfer-015
chunks/flutter/chunk-00391	r828c-xfer-015
chunks/flutter/chunk-00392	r828c-xfer-015
chunks/flutter/chunk-00393	r828c-xfer-015
chunks/flutter/chunk-00394	r828c-xfer-015
chunks/flutter/chunk-00395	r828c-xfer-015
chunks/flutter/chunk-00396	r828c-xfer-015
chunks/flutter/chunk-00397	r828c-xfer-015
chunks/flutter/chunk-00398	r828c-xfer-015
chunks/flutter/chunk-00399	r828c-xfer-015
chunks/flutter/chunk-00400	r828c-xfer-016
chunks/flutter/chunk-00401	r828c-xfer-016
chunks/flutter/chunk-00402	r828c-xfer-016
chunks/flutter/chunk-00403	r828c-xfer-016
chunks/flutter/chunk-00404	r828c-xfer-016
chunks/flutter/chunk-00405	r828c-xfer-016
chunks/flutter/chunk-00406	r828c-xfer-016
chunks/flutter/chunk-00407	r828c-xfer-016
chunks/flutter/chunk-00408	r828c-xfer-016
chunks/flutter/chunk-00409	r828c-xfer-016
chunks/flutter/chunk-00410	r828c-xfer-016
chunks/flutter/chunk-00411	r828c-xfer-016
chunks/flutter/chunk-00412	r828c-xfer-016
chunks/flutter/chunk-00413	r828c-xfer-016
chunks/flutter/chunk-00414	r828c-xfer-016
chunks/flutter/chunk-00415	r828c-xfer-016
chunks/flutter/chunk-00416	r828c-xfer-016
chunks/flutter/chunk-00417	r828c-xfer-016
chunks/flutter/chunk-00418	r828c-xfer-016
chunks/flutter/chunk-00419	r828c-xfer-016
chunks/flutter/chunk-00420	r828c-xfer-016
chunks/flutter/chunk-00421	r828c-xfer-016
chunks/flutter/chunk-00422	r828c-xfer-016
chunks/flutter/chunk-00423	r828c-xfer-016
chunks/flutter/chunk-00424	r828c-xfer-016
chunks/flutter/chunk-00425	r828c-xfer-017
chunks/flutter/chunk-00426	r828c-xfer-017
chunks/flutter/chunk-00427	r828c-xfer-017
chunks/flutter/chunk-00428	r828c-xfer-017
chunks/flutter/chunk-00429	r828c-xfer-017
chunks/flutter/chunk-00430	r828c-xfer-017
chunks/flutter/chunk-00431	r828c-xfer-017
chunks/flutter/chunk-00432	r828c-xfer-017
chunks/flutter/chunk-00433	r828c-xfer-017
chunks/flutter/chunk-00434	r828c-xfer-017
chunks/flutter/chunk-00435	r828c-xfer-017
chunks/flutter/chunk-00436	r828c-xfer-017
chunks/flutter/chunk-00437	r828c-xfer-017
chunks/flutter/chunk-00438	r828c-xfer-017
chunks/flutter/chunk-00439	r828c-xfer-017
chunks/flutter/chunk-00440	r828c-xfer-017
chunks/flutter/chunk-00441	r828c-xfer-017
chunks/flutter/chunk-00442	r828c-xfer-017
chunks/flutter/chunk-00443	r828c-xfer-017
chunks/flutter/chunk-00444	r828c-xfer-017
chunks/flutter/chunk-00445	r828c-xfer-017
chunks/flutter/chunk-00446	r828c-xfer-017
chunks/flutter/chunk-00447	r828c-xfer-017
chunks/flutter/chunk-00448	r828c-xfer-017
chunks/flutter/chunk-00449	r828c-xfer-017
chunks/flutter/chunk-00450	r828c-xfer-018
chunks/flutter/chunk-00451	r828c-xfer-018
chunks/flutter/chunk-00452	r828c-xfer-018
chunks/flutter/chunk-00453	r828c-xfer-018
chunks/flutter/chunk-00454	r828c-xfer-018
chunks/flutter/chunk-00455	r828c-xfer-018
chunks/flutter/chunk-00456	r828c-xfer-018
chunks/flutter/chunk-00457	r828c-xfer-018
chunks/flutter/chunk-00458	r828c-xfer-018
chunks/flutter/chunk-00459	r828c-xfer-018
chunks/flutter/chunk-00460	r828c-xfer-018
chunks/flutter/chunk-00461	r828c-xfer-018
chunks/flutter/chunk-00462	r828c-xfer-018
chunks/flutter/chunk-00463	r828c-xfer-018
chunks/flutter/chunk-00464	r828c-xfer-018
chunks/flutter/chunk-00465	r828c-xfer-018
chunks/flutter/chunk-00466	r828c-xfer-018
chunks/flutter/chunk-00467	r828c-xfer-018
chunks/flutter/chunk-00468	r828c-xfer-018
chunks/flutter/chunk-00469	r828c-xfer-018
chunks/flutter/chunk-00470	r828c-xfer-018
chunks/flutter/chunk-00471	r828c-xfer-018
chunks/flutter/chunk-00472	r828c-xfer-018
chunks/flutter/chunk-00473	r828c-xfer-018
chunks/flutter/chunk-00474	r828c-xfer-018
chunks/flutter/chunk-00475	r828c-xfer-019
chunks/flutter/chunk-00476	r828c-xfer-019
chunks/flutter/chunk-00477	r828c-xfer-019
chunks/flutter/chunk-00478	r828c-xfer-019
chunks/flutter/chunk-00479	r828c-xfer-019
chunks/flutter/chunk-00480	r828c-xfer-019
chunks/flutter/chunk-00481	r828c-xfer-019
chunks/flutter/chunk-00482	r828c-xfer-019
chunks/flutter/chunk-00483	r828c-xfer-019
chunks/flutter/chunk-00484	r828c-xfer-019
chunks/flutter/chunk-00485	r828c-xfer-019
chunks/flutter/chunk-00486	r828c-xfer-019
chunks/flutter/chunk-00487	r828c-xfer-019
chunks/flutter/chunk-00488	r828c-xfer-019
chunks/flutter/chunk-00489	r828c-xfer-019
chunks/flutter/chunk-00490	r828c-xfer-019
chunks/flutter/chunk-00491	r828c-xfer-019
chunks/flutter/chunk-00492	r828c-xfer-019
chunks/flutter/chunk-00493	r828c-xfer-019
chunks/flutter/chunk-00494	r828c-xfer-019
chunks/flutter/chunk-00495	r828c-xfer-019
chunks/flutter/chunk-00496	r828c-xfer-019
chunks/flutter/chunk-00497	r828c-xfer-019
chunks/flutter/chunk-00498	r828c-xfer-019
chunks/flutter/chunk-00499	r828c-xfer-019
chunks/flutter/chunk-00500	r828c-xfer-020
chunks/flutter/chunk-00501	r828c-xfer-020
chunks/flutter/chunk-00502	r828c-xfer-020
chunks/flutter/chunk-00503	r828c-xfer-020
chunks/flutter/chunk-00504	r828c-xfer-020
chunks/flutter/chunk-00505	r828c-xfer-020
chunks/flutter/chunk-00506	r828c-xfer-020
chunks/flutter/chunk-00507	r828c-xfer-020
chunks/flutter/chunk-00508	r828c-xfer-020
chunks/flutter/chunk-00509	r828c-xfer-020
chunks/flutter/chunk-00510	r828c-xfer-020
chunks/flutter/chunk-00511	r828c-xfer-020
chunks/flutter/chunk-00512	r828c-xfer-020
chunks/flutter/chunk-00513	r828c-xfer-020
chunks/flutter/chunk-00514	r828c-xfer-020
chunks/flutter/chunk-00515	r828c-xfer-020
chunks/flutter/chunk-00516	r828c-xfer-020
chunks/flutter/chunk-00517	r828c-xfer-020
chunks/flutter/chunk-00518	r828c-xfer-020
chunks/flutter/chunk-00519	r828c-xfer-020
chunks/flutter/chunk-00520	r828c-xfer-020
chunks/flutter/chunk-00521	r828c-xfer-020
chunks/flutter/chunk-00522	r828c-xfer-020
chunks/flutter/chunk-00523	r828c-xfer-020
chunks/flutter/chunk-00524	r828c-xfer-020
chunks/flutter/chunk-00525	r828c-xfer-021
chunks/flutter/chunk-00526	r828c-xfer-021
chunks/flutter/chunk-00527	r828c-xfer-021
chunks/flutter/chunk-00528	r828c-xfer-021
chunks/flutter/chunk-00529	r828c-xfer-021
chunks/flutter/chunk-00530	r828c-xfer-021
chunks/flutter/chunk-00531	r828c-xfer-021
chunks/flutter/chunk-00532	r828c-xfer-021
chunks/flutter/chunk-00533	r828c-xfer-021
chunks/flutter/chunk-00534	r828c-xfer-021
chunks/flutter/chunk-00535	r828c-xfer-021
chunks/flutter/chunk-00536	r828c-xfer-021
chunks/flutter/chunk-00537	r828c-xfer-021
chunks/flutter/chunk-00538	r828c-xfer-021
chunks/flutter/chunk-00539	r828c-xfer-021
chunks/flutter/chunk-00540	r828c-xfer-021
chunks/flutter/chunk-00541	r828c-xfer-021
chunks/flutter/chunk-00542	r828c-xfer-021
chunks/flutter/chunk-00543	r828c-xfer-021
chunks/flutter/chunk-00544	r828c-xfer-021
chunks/flutter/chunk-00545	r828c-xfer-021
chunks/flutter/chunk-00546	r828c-xfer-021
chunks/flutter/chunk-00547	r828c-xfer-021
chunks/flutter/chunk-00548	r828c-xfer-021
chunks/flutter/chunk-00549	r828c-xfer-021
chunks/flutter/chunk-00550	r828c-xfer-022
chunks/flutter/chunk-00551	r828c-xfer-022
chunks/flutter/chunk-00552	r828c-xfer-022
chunks/flutter/chunk-00553	r828c-xfer-022
chunks/flutter/chunk-00554	r828c-xfer-022
chunks/flutter/chunk-00555	r828c-xfer-022
chunks/flutter/chunk-00556	r828c-xfer-022
chunks/flutter/chunk-00557	r828c-xfer-022
chunks/flutter/chunk-00558	r828c-xfer-022
chunks/flutter/chunk-00559	r828c-xfer-022
chunks/flutter/chunk-00560	r828c-xfer-022
chunks/flutter/chunk-00561	r828c-xfer-022
chunks/flutter/chunk-00562	r828c-xfer-022
chunks/flutter/chunk-00563	r828c-xfer-022
chunks/flutter/chunk-00564	r828c-xfer-022
chunks/flutter/chunk-00565	r828c-xfer-022
chunks/flutter/chunk-00566	r828c-xfer-022
chunks/flutter/chunk-00567	r828c-xfer-022
chunks/flutter/chunk-00568	r828c-xfer-022
chunks/flutter/chunk-00569	r828c-xfer-022
chunks/flutter/chunk-00570	r828c-xfer-022
chunks/flutter/chunk-00571	r828c-xfer-022
chunks/flutter/chunk-00572	r828c-xfer-022
chunks/flutter/chunk-00573	r828c-xfer-022
chunks/flutter/chunk-00574	r828c-xfer-022
chunks/flutter/chunk-00575	r828c-xfer-023
chunks/flutter/chunk-00576	r828c-xfer-023
chunks/flutter/chunk-00577	r828c-xfer-023
chunks/flutter/chunk-00578	r828c-xfer-023
chunks/flutter/chunk-00579	r828c-xfer-023
chunks/flutter/chunk-00580	r828c-xfer-023
chunks/flutter/chunk-00581	r828c-xfer-023
chunks/flutter/chunk-00582	r828c-xfer-023
chunks/flutter/chunk-00583	r828c-xfer-023
chunks/flutter/chunk-00584	r828c-xfer-023
chunks/flutter/chunk-00585	r828c-xfer-023
chunks/flutter/chunk-00586	r828c-xfer-023
chunks/flutter/chunk-00587	r828c-xfer-023
chunks/flutter/chunk-00588	r828c-xfer-023
chunks/flutter/chunk-00589	r828c-xfer-023
chunks/flutter/chunk-00590	r828c-xfer-023
chunks/flutter/chunk-00591	r828c-xfer-023
chunks/flutter/chunk-00592	r828c-xfer-023
chunks/flutter/chunk-00593	r828c-xfer-023
chunks/flutter/chunk-00594	r828c-xfer-023
chunks/flutter/chunk-00595	r828c-xfer-023
chunks/flutter/chunk-00596	r828c-xfer-023
chunks/flutter/chunk-00597	r828c-xfer-023
chunks/flutter/chunk-00598	r828c-xfer-023
chunks/flutter/chunk-00599	r828c-xfer-023
chunks/flutter/chunk-00600	r828c-xfer-024
chunks/flutter/chunk-00601	r828c-xfer-024
chunks/flutter/chunk-00602	r828c-xfer-024
chunks/flutter/chunk-00603	r828c-xfer-024
chunks/flutter/chunk-00604	r828c-xfer-024
chunks/flutter/chunk-00605	r828c-xfer-024
chunks/flutter/chunk-00606	r828c-xfer-024
chunks/flutter/chunk-00607	r828c-xfer-024
chunks/flutter/chunk-00608	r828c-xfer-024
chunks/flutter/chunk-00609	r828c-xfer-024
chunks/flutter/chunk-00610	r828c-xfer-024
chunks/flutter/chunk-00611	r828c-xfer-024
chunks/flutter/chunk-00612	r828c-xfer-024
chunks/flutter/chunk-00613	r828c-xfer-024
chunks/flutter/chunk-00614	r828c-xfer-024
chunks/flutter/chunk-00615	r828c-xfer-024
chunks/flutter/chunk-00616	r828c-xfer-024
chunks/flutter/chunk-00617	r828c-xfer-024
chunks/flutter/chunk-00618	r828c-xfer-024
chunks/flutter/chunk-00619	r828c-xfer-024
chunks/flutter/chunk-00620	r828c-xfer-024
chunks/flutter/chunk-00621	r828c-xfer-024
chunks/flutter/chunk-00622	r828c-xfer-024
chunks/flutter/chunk-00623	r828c-xfer-024
chunks/flutter/chunk-00624	r828c-xfer-024
chunks/flutter/chunk-00625	r828c-xfer-025
chunks/flutter/chunk-00626	r828c-xfer-025
chunks/flutter/chunk-00627	r828c-xfer-025
chunks/flutter/chunk-00628	r828c-xfer-025
chunks/flutter/chunk-00629	r828c-xfer-025
chunks/flutter/chunk-00630	r828c-xfer-025
chunks/flutter/chunk-00631	r828c-xfer-025
chunks/flutter/chunk-00632	r828c-xfer-025
chunks/flutter/chunk-00633	r828c-xfer-025
chunks/flutter/chunk-00634	r828c-xfer-025
chunks/flutter/chunk-00635	r828c-xfer-025
chunks/flutter/chunk-00636	r828c-xfer-025
chunks/flutter/chunk-00637	r828c-xfer-025
chunks/flutter/chunk-00638	r828c-xfer-025
chunks/flutter/chunk-00639	r828c-xfer-025
chunks/flutter/chunk-00640	r828c-xfer-025
chunks/flutter/chunk-00641	r828c-xfer-025
chunks/flutter/chunk-00642	r828c-xfer-025
chunks/flutter/chunk-00643	r828c-xfer-025
chunks/flutter/chunk-00644	r828c-xfer-025
chunks/flutter/chunk-00645	r828c-xfer-025
chunks/flutter/chunk-00646	r828c-xfer-025
chunks/flutter/chunk-00647	r828c-xfer-025
chunks/flutter/chunk-00648	r828c-xfer-025
chunks/flutter/chunk-00649	r828c-xfer-025
chunks/flutter/chunk-00650	r828c-xfer-026
chunks/flutter/chunk-00651	r828c-xfer-026
chunks/flutter/chunk-00652	r828c-xfer-026
chunks/flutter/chunk-00653	r828c-xfer-026
chunks/flutter/chunk-00654	r828c-xfer-026
chunks/flutter/chunk-00655	r828c-xfer-026
chunks/flutter/chunk-00656	r828c-xfer-026
chunks/flutter/chunk-00657	r828c-xfer-026
chunks/flutter/chunk-00658	r828c-xfer-026
chunks/flutter/chunk-00659	r828c-xfer-026
chunks/flutter/chunk-00660	r828c-xfer-026
chunks/flutter/chunk-00661	r828c-xfer-026
chunks/flutter/chunk-00662	r828c-xfer-026
chunks/flutter/chunk-00663	r828c-xfer-026
chunks/flutter/chunk-00664	r828c-xfer-026
chunks/flutter/chunk-00665	r828c-xfer-026
chunks/flutter/chunk-00666	r828c-xfer-026
chunks/flutter/chunk-00667	r828c-xfer-026
chunks/flutter/chunk-00668	r828c-xfer-026
chunks/flutter/chunk-00669	r828c-xfer-026
chunks/flutter/chunk-00670	r828c-xfer-026
chunks/flutter/chunk-00671	r828c-xfer-026
chunks/flutter/chunk-00672	r828c-xfer-026
chunks/flutter/chunk-00673	r828c-xfer-026
chunks/flutter/chunk-00674	r828c-xfer-026
chunks/flutter/chunk-00675	r828c-xfer-027
chunks/flutter/chunk-00676	r828c-xfer-027
chunks/flutter/chunk-00677	r828c-xfer-027
chunks/flutter/chunk-00678	r828c-xfer-027
chunks/flutter/chunk-00679	r828c-xfer-027
chunks/flutter/chunk-00680	r828c-xfer-027
chunks/flutter/chunk-00681	r828c-xfer-027
chunks/flutter/chunk-00682	r828c-xfer-027
chunks/flutter/chunk-00683	r828c-xfer-027
chunks/flutter/chunk-00684	r828c-xfer-027
chunks/flutter/chunk-00685	r828c-xfer-027
chunks/pub/chunk-00000	r828c-xfer-027
chunks/pub/chunk-00001	r828c-xfer-027
chunks/pub/chunk-00002	r828c-xfer-027
chunks/pub/chunk-00003	r828c-xfer-027
chunks/pub/chunk-00004	r828c-xfer-027
chunks/pub/chunk-00005	r828c-xfer-027
chunks/pub/chunk-00006	r828c-xfer-027
chunks/pub/chunk-00007	r828c-xfer-027
chunks/pub/chunk-00008	r828c-xfer-027
chunks/pub/chunk-00009	r828c-xfer-027
chunks/pub/chunk-00010	r828c-xfer-027
chunks/pub/chunk-00011	r828c-xfer-027
chunks/pub/chunk-00012	r828c-xfer-027
chunks/pub/chunk-00013	r828c-xfer-027
chunks/pub/chunk-00014	r828c-xfer-028
chunks/pub/chunk-00015	r828c-xfer-028
chunks/pub/chunk-00016	r828c-xfer-028
chunks/pub/chunk-00017	r828c-xfer-028
chunks/pub/chunk-00018	r828c-xfer-028
chunks/pub/chunk-00019	r828c-xfer-028
chunks/pub/chunk-00020	r828c-xfer-028
chunks/pub/chunk-00021	r828c-xfer-028
chunks/pub/chunk-00022	r828c-xfer-028
chunks/pub/chunk-00023	r828c-xfer-028
chunks/pub/chunk-00024	r828c-xfer-028
chunks/pub/chunk-00025	r828c-xfer-028
chunks/pub/chunk-00026	r828c-xfer-028
chunks/pub/chunk-00027	r828c-xfer-028
chunks/pub/chunk-00028	r828c-xfer-028
chunks/pub/chunk-00029	r828c-xfer-028
chunks/pub/chunk-00030	r828c-xfer-028
chunks/pub/chunk-00031	r828c-xfer-028
chunks/pub/chunk-00032	r828c-xfer-028
chunks/pub/chunk-00033	r828c-xfer-028
chunks/pub/chunk-00034	r828c-xfer-028
chunks/pub/chunk-00035	r828c-xfer-028
chunks/pub/chunk-00036	r828c-xfer-028
chunks/pub/chunk-00037	r828c-xfer-028
chunks/pub/chunk-00038	r828c-xfer-028
chunks/pub/chunk-00039	r828c-xfer-029
chunks/pub/chunk-00040	r828c-xfer-029
chunks/pub/chunk-00041	r828c-xfer-029
chunks/pub/chunk-00042	r828c-xfer-029
chunks/pub/chunk-00043	r828c-xfer-029
chunks/pub/chunk-00044	r828c-xfer-029
chunks/pub/chunk-00045	r828c-xfer-029
chunks/pub/chunk-00046	r828c-xfer-029
chunks/pub/chunk-00047	r828c-xfer-029
chunks/pub/chunk-00048	r828c-xfer-029
chunks/pub/chunk-00049	r828c-xfer-029
chunks/pub/chunk-00050	r828c-xfer-029
chunks/pub/chunk-00051	r828c-xfer-029
chunks/pub/chunk-00052	r828c-xfer-029
chunks/pub/chunk-00053	r828c-xfer-029
chunks/pub/chunk-00054	r828c-xfer-029
chunks/pub/chunk-00055	r828c-xfer-029
chunks/pub/chunk-00056	r828c-xfer-029
chunks/pub/chunk-00057	r828c-xfer-029
chunks/pub/chunk-00058	r828c-xfer-029
chunks/pub/chunk-00059	r828c-xfer-029
chunks/pub/chunk-00060	r828c-xfer-029
chunks/pub/chunk-00061	r828c-xfer-029
chunks/pub/chunk-00062	r828c-xfer-029
chunks/pub/chunk-00063	r828c-xfer-029
