263459917	.git/objects/pack/pack-713d7439cb9e9eebffba01c762f08272ac288a32.pack
180539732	bin/cache/artifacts/engine/android-arm64/flutter.jar
119879867	bin/cache/artifacts/engine/android-x64/flutter.jar
115209561	bin/cache/artifacts/engine/android-x86/flutter.jar
114673715	bin/cache/artifacts/engine/android-arm/flutter.jar
86558720	.pub-preload-cache/flutter_gallery_assets-1.0.2.tar.gz
73213024	bin/cache/dart-sdk/bin/snapshots/analysis_server.dart.snapshot
59601824	bin/cache/dart-sdk/bin/snapshots/dartdevc.dart.snapshot
52676912	bin/cache/dart-sdk/bin/snapshots/kernel-service.dart.snapshot
45857842	bin/cache/artifacts/engine/android-x64-profile/flutter.jar
45598569	bin/cache/artifacts/engine/android-arm64-profile/flutter.jar
44700757	bin/cache/artifacts/engine/android-arm-profile/flutter.jar
44492064	bin/cache/flutter_tools.snapshot
42694799	bin/cache/artifacts/engine/android-x64-release/flutter.jar
42426528	bin/cache/artifacts/engine/android-arm64-release/flutter.jar
42058064	bin/cache/artifacts/engine/linux-x64/libflutter_linux_gtk.so
41487237	bin/cache/artifacts/engine/android-arm-release/flutter.jar
40859864	bin/cache/dart-sdk/bin/dartvm
37458200	.pub-preload-cache/animations-2.1.2.tar.gz
35242872	bin/cache/artifacts/engine/linux-x64/flutter_tester
31856084	.git/objects/pack/pack-713d7439cb9e9eebffba01c762f08272ac288a32.idx
26014480	bin/cache/dart-sdk/bin/snapshots/analysis_server_aot.dart.snapshot
24738048	bin/cache/dart-sdk/bin/snapshots/dart2wasm_product.snapshot
22491760	bin/cache/dart-sdk/bin/snapshots/dartdev_aot.dart.snapshot
20392664	bin/cache/dart-sdk/bin/snapshots/dart2js_aot.dart.snapshot
17877248	bin/cache/artifacts/engine/linux-x64-profile/libflutter_linux_gtk.so
17373984	bin/cache/flutter_web_sdk/kernel/dart2js_platform.dill
16988288	bin/cache/artifacts/engine/linux-x64-release/libflutter_linux_gtk.so
16965492	bin/cache/flutter_web_sdk/kernel/ddcLibraryBundle-canvaskit/dart_sdk.js
16461496	bin/cache/dart-sdk/bin/snapshots/frontend_server_aot.dart.snapshot
16461496	bin/cache/artifacts/engine/linux-x64/frontend_server_aot.dart.snapshot
15961496	bin/cache/flutter_web_sdk/kernel/dart2wasm_platform.dill
15564539	bin/cache/dart-sdk/bin/resources/devtools/assets/packages/perfetto_ui_compiled/dist/v34.0-16f63abe3/frontend_bundle.js
15400713	bin/cache/flutter_web_sdk/kernel/amd-canvaskit/dart_sdk.js
15334224	bin/cache/dart-sdk/bin/dartaotruntime_asan
14902336	bin/cache/dart-sdk/bin/snapshots/dartdevc_aot.dart.snapshot
13791712	bin/cache/dart-sdk/bin/snapshots/gen_kernel_aot.dart.snapshot
13696592	bin/cache/dart-sdk/bin/snapshots/kernel_worker_aot.dart.snapshot
12676784	bin/cache/dart-sdk/bin/snapshots/dart2bytecode.dart.snapshot
11929056	bin/cache/dart-sdk/bin/dartaotruntime_msan
11093091	bin/cache/artifacts/engine/linux-x64/isolate_snapshot.bin
10941304	bin/cache/dart-sdk/bin/dartaotruntime_tsan
10866556	.pub-preload-cache/video_player-2.11.1.tar.gz
10775116	.pub-preload-cache/analyzer-10.1.0.tar.gz
10560256	bin/cache/dart-sdk/lib/_internal/ddc_platform.dill
10292168	bin/cache/dart-sdk/lib/_internal/dart2js_platform.dill
9951672	bin/cache/artifacts/engine/common/flutter_patched_sdk/platform_strong.dill
9951616	bin/cache/artifacts/engine/common/flutter_patched_sdk_product/platform_strong.dill
9236844	.pub-preload-cache/provider-6.1.5+1.tar.gz
8867976	bin/cache/artifacts/engine/linux-x64/impellerc
8396568	bin/cache/dart-sdk/lib/_internal/dart2wasm_platform.dill
8267424	bin/cache/dart-sdk/lib/_internal/vm_platform_strong.dill
8267424	bin/cache/dart-sdk/lib/_internal/vm_platform.dill
8267376	bin/cache/dart-sdk/lib/_internal/vm_platform_product.dill
8261368	bin/cache/dart-sdk/bin/utils/wasm-opt
8216665	.pub-preload-cache/googleapis-14.0.0.tar.gz
8095438	bin/cache/dart-sdk/bin/resources/devtools/assets/packages/perfetto_ui_compiled/dist/v34.0-16f63abe3/trace_processor.wasm
7439048	bin/cache/dart-sdk/lib/_internal/dart2wasm_js_compatibility_platform.dill
7229467	bin/cache/flutter_web_sdk/canvaskit/canvaskit.wasm
7191489	bin/cache/dart-sdk/bin/resources/devtools/canvaskit/canvaskit.wasm
7187832	bin/cache/artifacts/engine/android-arm64-profile/linux-x64/gen_snapshot
7130872	bin/cache/artifacts/engine/android-x64-profile/linux-x64/gen_snapshot
6954104	bin/cache/artifacts/engine/android-arm-profile/linux-x64/gen_snapshot
6526704	bin/cache/dart-sdk/lib/_internal/dart2js_server_platform.dill
6165712	bin/cache/artifacts/engine/linux-x64/gen_snapshot
6165712	bin/cache/artifacts/engine/linux-x64-profile/gen_snapshot
6112728	bin/cache/artifacts/engine/android-arm64-release/linux-x64/gen_snapshot
6057016	bin/cache/artifacts/engine/android-x64-release/linux-x64/gen_snapshot
5899062	bin/cache/dart-sdk/bin/resources/devtools/main.dart.wasm.map
5884680	bin/cache/dart-sdk/bin/dartaotruntime
5880248	bin/cache/artifacts/engine/android-arm-release/linux-x64/gen_snapshot
5778092	.git/objects/info/commit-graph
5760502	bin/cache/flutter_web_sdk/canvaskit/chromium/canvaskit.wasm
5722538	bin/cache/dart-sdk/bin/resources/devtools/canvaskit/chromium/canvaskit.wasm
5674773	bin/cache/dart-sdk/bin/resources/devtools/main.dart.js
5606774	bin/cache/dart-sdk/bin/resources/devtools/main.dart.js.map
5423550	bin/cache/dart-sdk/bin/resources/devtools/main.dart.wasm
5371448	bin/cache/artifacts/engine/linux-x64-release/gen_snapshot
5172643	bin/cache/flutter_web_sdk/canvaskit/skwasm_heavy.wasm
5159956	bin/cache/dart-sdk/bin/resources/devtools/canvaskit/skwasm_heavy.wasm
5078896	bin/cache/dart-sdk/bin/snapshots/dart_mcp_server_aot.dart.snapshot
5025912	bin/cache/dart-sdk/bin/snapshots/dds_aot.dart.snapshot
5009992	bin/cache/dart-sdk/bin/dart
4742308	engine/src/flutter/txt/third_party/fonts/NotoColorEmoji.ttf
4728144	bin/cache/artifacts/engine/linux-x64/const_finder.dart.snapshot
4721104	bin/cache/dart-sdk/bin/utils/gen_snapshot
4696101	.pub-preload-cache/shrine_images-2.0.2.tar.gz
4550768	.git/objects/pack/pack-713d7439cb9e9eebffba01c762f08272ac288a32.rev
4138344	bin/cache/flutter_web_sdk/canvaskit/experimental_webparagraph/canvaskit.wasm
4136216	bin/cache/dart-sdk/bin/resources/devtools/canvaskit/experimental_webparagraph/canvaskit.wasm
4033524	.pub-preload-cache/process_runner-4.2.4.tar.gz
3993904	bin/cache/flutter_web_sdk/kernel/ddc_outline.dill
3747960	bin/cache/dart-sdk/bin/snapshots/dart_tooling_daemon_aot.dart.snapshot
3638603	.pub-preload-cache/analyzer-10.2.0.tar.gz
3580947	bin/cache/flutter_web_sdk/canvaskit/skwasm.wasm
3568297	bin/cache/dart-sdk/bin/resources/devtools/canvaskit/skwasm.wasm
3514226	bin/cache/flutter_web_sdk/canvaskit/wimp.wasm
3489476	bin/cache/dart-sdk/bin/resources/devtools/canvaskit/wimp.wasm
2893256	.pub-preload-cache/flutter_localized_locales-2.0.5.tar.gz
2768048	bin/cache/dart-sdk/lib/_internal/ddc_outline.dill
2690288	.pub-preload-cache/video_player_avfoundation-2.9.4.tar.gz
2601144	.pub-preload-cache/cupertino_icons-1.0.9.tar.gz
2504470	bin/cache/dart-sdk/bin/resources/devtools/assets/NOTICES
2492652	.pub-preload-cache/video_player_android-2.9.5.tar.gz
2287204	bin/cache/dart-sdk/bin/resources/devtools/assets/packages/perfetto_ui_compiled/dist/v34.0-16f63abe3/assets/MaterialSymbolsOutlined.woff2
2188019	.git/index
2115434	.pub-preload-cache/material_color_utilities-0.13.0.tar.gz
2020172	bin/cache/flutter_web_sdk/kernel/amd-canvaskit/dart_sdk.js.map
2002139	engine/src/flutter/lib/web_ui/lib/src/engine/font_fallback_data.dart
2002136	bin/cache/flutter_web_sdk/lib/_engine/engine/font_fallback_data.dart
1933889	.pub-preload-cache/archive-3.6.1.tar.gz
1904552	bin/cache/artifacts/engine/common/flutter_patched_sdk_product/vm_outline_strong.dill
1904552	bin/cache/artifacts/engine/common/flutter_patched_sdk/vm_outline_strong.dill
1866888	bin/cache/dart-sdk/lib/_internal/dart2wasm_outline.dill
1831684	packages/flutter/lib/src/material/icons.dart
1819256	bin/cache/artifacts/engine/linux-x64/font-subset
1801519	bin/cache/flutter_web_sdk/canvaskit/wimp.js.symbols
1799093	bin/cache/flutter_web_sdk/kernel/ddcLibraryBundle-canvaskit/dart_sdk.js.map
1768453	bin/cache/dart-sdk/bin/resources/devtools/canvaskit/wimp.js.symbols
1762418	.pub-preload-cache/google_fonts-6.3.3.tar.gz
1666301	bin/cache/flutter_web_sdk/canvaskit/skwasm_heavy.js.symbols
1645184	bin/cache/dart-sdk/bin/resources/devtools/assets/fonts/MaterialIcons-Regular.otf
1645184	bin/cache/artifacts/material_fonts/MaterialIcons-Regular.otf
1644497	bin/cache/dart-sdk/bin/resources/devtools/canvaskit/skwasm_heavy.js.symbols
1558864	bin/cache/dart-sdk/lib/_internal/dart2wasm_js_compatibility_outline.dill
1541208	bin/cache/flutter_web_sdk/canvaskit/skwasm.js.symbols
1519405	bin/cache/dart-sdk/bin/resources/devtools/canvaskit/skwasm.js.symbols
1487823	.pub-preload-cache/webview_flutter_wkwebview-3.26.0.tar.gz
1487810	.pub-preload-cache/webview_flutter_wkwebview-3.24.2.tar.gz
1357443	.pub-preload-cache/webview_flutter-4.9.0.tar.gz
1357066	bin/cache/flutter_web_sdk/canvaskit/canvaskit.js.symbols
1347415	bin/cache/dart-sdk/bin/resources/devtools/canvaskit/canvaskit.js.symbols
1302985	packages/flutter/coverage/lcov.info
1302985	packages/flutter/coverage/lcov.base.info
1285117	engine/src/flutter/sky/packages/sky_engine/LICENSE
1285117	bin/cache/pkg/sky_engine/LICENSE
1274971	bin/cache/flutter_web_sdk/canvaskit/chromium/canvaskit.js.symbols
1271718	.pub-preload-cache/webview_flutter_android-3.16.9.tar.gz
1269030	bin/cache/pkg/sky_engine/lib/html/html_dart2js.dart
1269030	bin/cache/dart-sdk/lib/html/dart2js/html_dart2js.dart
1265321	bin/cache/dart-sdk/bin/resources/devtools/canvaskit/chromium/canvaskit.js.symbols
1248006	bin/cache/dart-sdk/bin/dartvm.sym
1193612	packages/flutter_localizations/lib/src/l10n/generated_material_localizations.dart
1102764	.pub-preload-cache/dwds-26.2.5.tar.gz
1004464	bin/cache/flutter_web_sdk/canvaskit/experimental_webparagraph/canvaskit.js.symbols
1003200	bin/cache/dart-sdk/bin/resources/devtools/canvaskit/experimental_webparagraph/canvaskit.js.symbols
1000087	.pub-preload-cache/vm_service-15.2.0.tar.gz
936077	.pub-preload-cache/ffigen-20.1.1.tar.gz
922528	bin/cache/dart-sdk/bin/utils/gen_snapshot.sym
862304	bin/cache/artifacts/engine/linux-x64/icudtl.dat
716795	packages/flutter/test/material/text_field_test.dart
706759	dev/tools/localization/language_subtag_registry.dart
706752	packages/flutter_tools/lib/src/localizations/language_subtag_registry.dart
702561	.pub-preload-cache/_fe_analyzer_shared-96.0.0.tar.gz
702312	.pub-preload-cache/_fe_analyzer_shared-95.0.0.tar.gz
643705	packages/flutter/test/widgets/editable_text_test.dart
637948	.pub-preload-cache/dart_style-3.1.7.tar.gz
617648	engine/src/flutter/impeller/fixtures/monkey.png
615595	.pub-preload-cache/crypto-3.0.7.tar.gz
597842	packages/flutter/test/material/input_decorator_test.dart
539843	.pub-preload-cache/web-1.1.1.tar.gz
528692	.pub-preload-cache/characters-1.4.1.tar.gz
511828	docs/releases/archive/Commits-Between-1.2.1-and-1.5.4.md
498032	packages/flutter_localizations/lib/src/l10n/generated_cupertino_localizations.dart
495991	.pub-preload-cache/coverage-1.15.0.tar.gz
495553	.pub-preload-cache/adaptive_breakpoints-0.1.7.tar.gz
495383	.pub-preload-cache/coverage-1.15.1.tar.gz
491621	engine/src/flutter/third_party/accessibility/ax/ax_node_position_unittest.cc
491352	bin/cache/artifacts/engine/linux-x64/libpath_ops.so
485296	.pub-preload-cache/flutter_template_images-5.0.0.tar.gz
433448	engine/src/flutter/lib/ui/fixtures/heart.webp
407666	packages/flutter/test/cupertino/text_field_test.dart
406450	packages/flutter/lib/src/cupertino/icons.dart
405863	.pub-preload-cache/jni-1.0.0.tar.gz
383602	.pub-preload-cache/objective_c-9.3.0.tar.gz
381372	.pub-preload-cache/objective_c-9.2.3.tar.gz
378813	packages/flutter_localizations/lib/src/l10n/generated_date_localizations.dart
364139	.pub-preload-cache/test-1.29.0.tar.gz
357899	.pub-preload-cache/test-1.31.0.tar.gz
354679	engine/src/flutter/lib/ui/fixtures/DashInNooglerHat.jpg
354679	engine/src/flutter/lib/ui/fixtures/DashInNooglerHat%20WithSpace.jpg
344494	.pub-preload-cache/dds-5.3.0.tar.gz
340811	engine/src/flutter/lib/ui/painting.dart
340811	bin/cache/pkg/sky_engine/lib/ui/painting.dart
333776	.pub-preload-cache/csslib-1.0.2.tar.gz
327178	packages/flutter/test/material/tabs_test.dart
326248	bin/cache/artifacts/engine/linux-x64/libtessellator.so
325346	packages/flutter/lib/src/widgets/basic.dart
321746	engine/src/flutter/impeller/tools/malioc.json
311714	engine/src/flutter/third_party/accessibility/ax/platform/ax_platform_node_textrangeprovider_win_unittest.cc
307093	packages/flutter/lib/src/widgets/framework.dart
307091	.pub-preload-cache/vm_service-15.0.2.tar.gz
305948	docs/engine/deferred_components_architecture.svg
305265	.pub-preload-cache/intl-0.20.2.tar.gz
273281	packages/flutter/lib/src/widgets/editable_text.dart
272356	packages/flutter/lib/src/semantics/semantics.dart
269299	packages/flutter/test/widgets/selectable_region_test.dart
260725	packages/flutter/lib/src/rendering/object.dart
259525	engine/src/flutter/impeller/fixtures/blue_noise.png
257985	docs/engine/deferred_components_call_lifecycle.svg
255280	engine/src/flutter/txt/third_party/fonts/NotoNaskhArabic-Regular.ttf
251406	packages/flutter/lib/src/material/animated_icons/data/search_ellipsis.g.dart
250974	packages/flutter/lib/src/material/animated_icons/data/ellipsis_search.g.dart
249660	packages/flutter/test/material/menu_anchor_test.dart
248897	packages/flutter/test/widgets/widget_inspector_test.dart
247880	engine/src/flutter/shell/platform/darwin/ios/framework/Source/FlutterPlatformViewsTest.mm
247036	engine/src/flutter/txt/third_party/fonts/RobotoSlab-VariableFont_wght.ttf
247036	engine/src/flutter/testing/resources/RobotoSlab-VariableFont_wght.ttf
246292	.pub-preload-cache/google_mobile_ads-5.1.0.tar.gz
242031	packages/flutter/lib/src/widgets/navigator.dart
239867	packages/flutter/test/widgets/navigator_test.dart
238036	bin/cache/dart-sdk/bin/resources/devtools/assets/packages/perfetto_ui_compiled/dist/v34.0-16f63abe3/engine_bundle.js
237900	packages/flutter/test/cupertino/menu_anchor_test.dart
237574	.pub-preload-cache/uuid-4.5.3.tar.gz
236872	packages/flutter/test/material/chip_test.dart
235584	packages/flutter/lib/src/material/input_decorator.dart
232248	.pub-preload-cache/html-0.15.6.tar.gz
229012	packages/flutter/lib/src/services/keyboard_key.g.dart
228708	bin/cache/artifacts/material_fonts/codepoints
225713	packages/flutter/test/material/navigation_rail_test.dart
225006	engine/src/flutter/display_list/display_list_unittests.cc
213552	.ci.yaml
210339	engine/src/flutter/lib/web_ui/test/engine/semantics/semantics_test.dart
205731	packages/flutter/test/material/selectable_text_test.dart
203881	packages/flutter/lib/src/material/animated_icons/data/view_list.g.dart
202344	examples/image_list/images/coast.jpg
200440	engine/src/flutter/display_list/testing/dl_rendering_unittests.cc
199554	engine/src/flutter/impeller/fixtures/boston.jpg
199307	.pub-preload-cache/xml-6.6.1.tar.gz
197301	engine/src/flutter/shell/common/shell_unittests.cc
194701	.pub-preload-cache/url_launcher-6.3.2.tar.gz
194654	engine/src/flutter/shell/platform/darwin/ios/framework/Source/FlutterTextInputPluginTest.mm
193955	engine/src/flutter/shell/platform/embedder/tests/embedder_gl_unittests.cc
193101	engine/src/flutter/lib/ui/fixtures/2_dispose_op_restore_previous.apng
192195	bin/cache/pkg/sky_engine/lib/core/uri.dart
192195	bin/cache/dart-sdk/lib/core/uri.dart
190529	packages/flutter_tools/test/general.shard/migrations/swift_package_manager_integration_migration_test.dart
190431	packages/flutter_tools/test/commands.shard/permeable/create_test.dart
190403	docs/engine/flutter_overview.svg
188974	packages/flutter/test/material/slider_test.dart
187406	packages/flutter/test/material/dropdown_menu_test.dart
187255	engine/src/flutter/third_party/accessibility/ax/platform/ax_platform_node_win.cc
185779	packages/flutter/lib/src/material/animated_icons/data/list_view.g.dart
185374	engine/src/flutter/third_party/accessibility/ax/platform/ax_platform_node_win_unittest.cc
181198	.pub-preload-cache/vector_math-2.2.0.tar.gz
180108	engine/src/flutter/third_party/accessibility/ax/ax_tree_unittest.cc
178276	packages/flutter/test/material/popup_menu_test.dart
177552	bin/cache/artifacts/material_fonts/Roboto-BlackItalic.ttf
176864	bin/cache/artifacts/material_fonts/Roboto-MediumItalic.ttf
176639	packages/flutter/test/material/dropdown_test.dart
176616	bin/cache/artifacts/material_fonts/Roboto-LightItalic.ttf
176360	bin/cache/pkg/sky_engine/lib/_internal/vm/lib/typed_data_patch.dart
176360	bin/cache/dart-sdk/lib/_internal/vm/lib/typed_data_patch.dart
176300	bin/cache/artifacts/material_fonts/Roboto-ThinItalic.ttf
175888	bin/cache/artifacts/material_fonts/RobotoCondensed-BoldItalic.ttf
175380	bin/cache/artifacts/material_fonts/RobotoCondensed-LightItalic.ttf
175188	bin/cache/artifacts/material_fonts/RobotoCondensed-Italic.ttf
174952	bin/cache/artifacts/material_fonts/Roboto-BoldItalic.ttf
174948	engine/src/flutter/third_party/accessibility/ax/ax_position.h
174688	engine/src/flutter/impeller/fixtures/blend_mode_dst.png
174324	packages/flutter/test/material/list_tile_test.dart
173932	bin/cache/artifacts/material_fonts/Roboto-Italic.ttf
172064	engine/src/flutter/txt/third_party/fonts/Roboto-Medium.ttf
172064	bin/cache/dart-sdk/bin/resources/devtools/assets/packages/devtools_app_shared/fonts/Roboto/Roboto-Medium.ttf
172064	bin/cache/dart-sdk/bin/resources/devtools/assets/fonts/Roboto/Roboto-Medium.ttf
172064	bin/cache/artifacts/material_fonts/Roboto-Medium.ttf
171904	bin/cache/dart-sdk/bin/resources/devtools/assets/packages/devtools_app_shared/fonts/Roboto/Roboto-Thin.ttf
171904	bin/cache/dart-sdk/bin/resources/devtools/assets/fonts/Roboto/Roboto-Thin.ttf
171904	bin/cache/artifacts/material_fonts/Roboto-Thin.ttf
171759	bin/cache/dart-sdk/lib/dev_compiler/web/dart_stack_trace_mapper.js
171676	engine/src/flutter/txt/third_party/fonts/Roboto-Regular.ttf
171676	bin/cache/dart-sdk/bin/resources/devtools/assets/packages/devtools_app_shared/fonts/Roboto/Roboto-Regular.ttf
171676	bin/cache/dart-sdk/bin/resources/devtools/assets/fonts/Roboto/Roboto-Regular.ttf
171676	bin/cache/artifacts/material_fonts/Roboto-Regular.ttf
171480	bin/cache/dart-sdk/bin/resources/devtools/assets/packages/devtools_app_shared/fonts/Roboto/Roboto-Black.ttf
171480	bin/cache/dart-sdk/bin/resources/devtools/assets/fonts/Roboto/Roboto-Black.ttf
171480	bin/cache/artifacts/material_fonts/Roboto-Black.ttf
170760	bin/cache/dart-sdk/bin/resources/devtools/assets/packages/devtools_app_shared/fonts/Roboto/Roboto-Bold.ttf
170760	bin/cache/dart-sdk/bin/resources/devtools/assets/fonts/Roboto/Roboto-Bold.ttf
170760	bin/cache/artifacts/material_fonts/Roboto-Bold.ttf
170420	bin/cache/dart-sdk/bin/resources/devtools/assets/packages/devtools_app_shared/fonts/Roboto/Roboto-Light.ttf
170420	bin/cache/dart-sdk/bin/resources/devtools/assets/fonts/Roboto/Roboto-Light.ttf
170420	bin/cache/artifacts/material_fonts/Roboto-Light.ttf
170284	bin/cache/artifacts/material_fonts/RobotoCondensed-Regular.ttf
169800	bin/cache/artifacts/material_fonts/RobotoCondensed-Bold.ttf
168613	engine/src/flutter/lib/web_ui/test/engine/text_editing_test.dart
168433	engine/src/flutter/shell/platform/embedder/embedder.h
168004	bin/cache/artifacts/material_fonts/RobotoCondensed-Light.ttf
165732	packages/flutter/test/material/snack_bar_test.dart
164271	.pub-preload-cache/path_provider-2.1.5.tar.gz
163311	.pub-preload-cache/path_provider-2.1.6.tar.gz
163170	packages/flutter_localizations/lib/src/l10n/generated_widgets_localizations.dart
162321	bin/cache/pkg/sky_engine/lib/typed_data/typed_data.dart
162321	bin/cache/dart-sdk/lib/typed_data/typed_data.dart
161666	packages/flutter/lib/src/material/animated_icons/data/event_add.g.dart
160895	packages/flutter/lib/src/widgets/widget_inspector.dart
160045	packages/flutter/lib/src/material/animated_icons/data/add_event.g.dart
157786	packages/flutter/lib/src/rendering/proxy_box.dart
157222	dev/benchmarks/macrobenchmarks/lib/src/web/bench_paths_recording.dart
156836	engine/src/flutter/shell/platform/embedder/tests/embedder_unittests.cc
156670	packages/flutter/lib/src/material/menu_anchor.dart
155349	bin/cache/dart-sdk/include/dart_api.h
154224	engine/src/flutter/shell/platform/fuchsia/flutter/tests/tzdata/2019a/44/le/zoneinfo64.res
153844	packages/flutter/test/widgets/platform_view_test.dart
152928	packages/flutter/test/widgets/autocomplete_test.dart
152777	packages/flutter_tools/test/commands.shard/hermetic/build_swift_package_test.dart
152132	packages/flutter/test/material/search_anchor_test.dart
151478	packages/flutter/lib/src/widgets/text_selection.dart
149818	dev/integration_tests/new_gallery/lib/gallery_localizations.dart
149786	packages/flutter/test/material/switch_test.dart
149726	packages/flutter/test/widgets/nested_scroll_view_test.dart
148473	engine/src/flutter/shell/platform/embedder/embedder.cc
146724	engine/src/flutter/lib/ui/text.dart
146724	bin/cache/pkg/sky_engine/lib/ui/text.dart
146018	packages/flutter/lib/src/widgets/selectable_region.dart
145625	.git/info/refs
145552	packages/flutter/lib/src/rendering/paragraph.dart
145389	.git/packed-refs
144715	packages/flutter/test/widgets/focus_traversal_test.dart
144578	engine/src/flutter/lib/web_ui/test/engine/pointer_binding_test.dart
143607	packages/flutter/test/material/range_slider_test.dart
141938	packages/flutter/test/widgets/draggable_test.dart
141864	.pub-preload-cache/path_provider_foundation-2.6.0.tar.gz
141362	packages/flutter/test/material/scaffold_test.dart
141279	engine/src/flutter/shell/platform/android/test/io/flutter/view/AccessibilityBridgeTest.java
141073	packages/flutter/lib/src/rendering/box.dart
139490	dev/tools/gen_keycodes/data/logical_key_data.g.json
139470	bin/cache/dart-sdk/lib/_internal/js_runtime/lib/js_helper.dart
138780	engine/src/flutter/impeller/fixtures/bay_bridge.jpg
138585	dev/integration_tests/new_gallery/lib/gallery_localizations_en.dart
138279	engine/src/flutter/shell/platform/darwin/ios/framework/Source/FlutterTextInputPlugin.mm
137678	packages/flutter/lib/src/material/time_picker.dart
137579	packages/flutter/lib/src/material/theme_data.dart
136830	dev/integration_tests/new_gallery/lib/l10n/intl_en.arb
136647	engine/src/flutter/shell/platform/darwin/ios/framework/Source/FlutterViewControllerTest.mm
136387	packages/flutter/lib/src/material/scaffold.dart
135744	bin/cache/dart-sdk/lib/_internal/js_shared/lib/rti.dart
134971	engine/src/flutter/shell/platform/android/io/flutter/view/AccessibilityBridge.java
134826	packages/flutter/test/material/slider_theme_test.dart
134640	engine/src/flutter/tools/font_subset/fixtures/MaterialIcons-Regular.ttf
134455	bin/cache/dart-sdk/bin/resources/dartdoc/resources/docs.dart.js
134070	packages/flutter/test/widgets/scrollbar_test.dart
133909	engine/src/flutter/lib/ui/platform_dispatcher.dart
133909	bin/cache/pkg/sky_engine/lib/ui/platform_dispatcher.dart
133661	engine/src/flutter/shell/platform/android/test/io/flutter/plugin/editing/TextInputPluginTest.java
133153	packages/flutter_tools/test/general.shard/ios/core_devices_test.dart
131444	packages/flutter/lib/src/cupertino/nav_bar.dart
131122	.pub-preload-cache/scoped_model-2.0.0.tar.gz
130919	packages/flutter/test/material/app_bar_test.dart
130584	packages/flutter/lib/src/foundation/diagnostics.dart
130494	packages/flutter/test/widgets/heroes_test.dart
130304	packages/flutter/lib/src/material/date_picker.dart
130144	packages/flutter/lib/src/services/keyboard_maps.g.dart
129296	bin/cache/dart-sdk/lib/web_gl/dart2js/web_gl_dart2js.dart
129193	.pub-preload-cache/vm_snapshot_analysis-0.7.6.tar.gz
128531	packages/flutter_tools/test/general.shard/runner/target_devices_test.dart
127637	packages/flutter/test/widgets/two_dimensional_viewport_test.dart
126343	packages/flutter/lib/src/services/text_input.dart
126252	engine/src/flutter/impeller/toolkit/interop/impeller.h
125869	packages/flutter/test/services/raw_keyboard_test.dart
125648	.pub-preload-cache/petitparser-7.0.2.tar.gz
123364	engine/src/flutter/lib/web_ui/lib/src/engine/semantics/semantics.dart
123143	bin/cache/pkg/sky_engine/lib/_http/http_impl.dart
123143	bin/cache/dart-sdk/lib/_http/http_impl.dart
123105	engine/src/flutter/docs/Doxyfile.template
122837	packages/flutter/test/cupertino/route_test.dart
122421	engine/src/flutter/Doxyfile
122148	bin/cache/flutter_web_sdk/lib/_engine/engine/semantics/semantics.dart
122125	docs/releases/archive/PRs-merged-between-1.7.8-and-1.9.1.md
121469	engine/src/flutter/runtime/test_font_data.cc
120719	bin/cache/dart-sdk/bin/resources/dartdoc/resources/docs.dart.js.map
119878	engine/src/flutter/impeller/fixtures/table_mountain_ny.png
119175	dev/benchmarks/microbenchmarks/money_asset_manifest.json
119121	packages/flutter/test/material/icon_button_test.dart
119096	packages/flutter/test/material/dialog_test.dart
118361	bin/cache/dart-sdk/bin/resources/devtools/assets/packages/perfetto_ui_compiled/dist/v34.0-16f63abe3/perfetto.css
118336	packages/flutter_test/lib/src/binding.dart
116551	packages/flutter/test/widgets/image_test.dart
116442	packages/flutter/test/material/bottom_navigation_bar_test.dart
116305	packages/flutter/test/cupertino/nav_bar_test.dart
115549	engine/src/flutter/impeller/entity/entity_unittests.cc
115532	packages/flutter_test/lib/src/matchers.dart
115292	engine/src/flutter/impeller/fixtures/embarcadero.jpg
115278	packages/flutter/lib/src/rendering/editable.dart
115092	packages/flutter_tools/test/general.shard/plugins_test.dart
114440	bin/cache/dart-sdk/lib/svg/dart2js/svg_dart2js.dart
114139	bin/cache/dart-sdk/lib/_internal/wasm/lib/typed_data.dart
113641	dev/bots/analyze.dart
113594	packages/flutter/test/widgets/editable_text_shortcuts_test.dart
113578	engine/src/flutter/shell/platform/darwin/macos/framework/Source/FlutterTextInputPluginTest.mm
113488	bin/cache/dart-sdk/bin/resources/devtools/assets/packages/devtools_app_shared/fonts/Roboto_Mono/RobotoMono-Light.ttf
113488	bin/cache/dart-sdk/bin/resources/devtools/assets/fonts/Roboto_Mono/RobotoMono-Light.ttf
113328	engine/src/flutter/shell/platform/darwin/ios/framework/Source/accessibility_bridge_test.mm
112480	bin/cache/dart-sdk/bin/resources/devtools/assets/packages/devtools_app_shared/fonts/Roboto_Mono/RobotoMono-Thin.ttf
112480	bin/cache/dart-sdk/bin/resources/devtools/assets/fonts/Roboto_Mono/RobotoMono-Thin.ttf
112012	packages/flutter/test/material/date_picker_test.dart
111761	engine/src/flutter/impeller/geometry/rect_unittests.cc
111685	packages/flutter_tools/test/general.shard/generate_localizations_test.dart
111673	.pub-preload-cache/test_core-0.6.17.tar.gz
111514	engine/src/flutter/shell/platform/darwin/Doxyfile
111413	packages/flutter/test/widgets/routes_test.dart
110676	engine/src/flutter/shell/platform/darwin/ios/framework/Source/FlutterViewController.mm
110628	packages/flutter/test/widgets/overlay_portal_test.dart
110574	engine/src/flutter/third_party/accessibility/ax/ax_enum_util.cc
110522	packages/flutter/test/widgets/raw_menu_anchor_test.dart
110366	docs/engine/dart_split_aot_compilation.svg
110151	packages/flutter/test/material/bottom_sheet_test.dart
110080	engine/src/flutter/txt/third_party/fonts/HomemadeApple.ttf
109801	packages/flutter/lib/src/cupertino/date_picker.dart
109500	bin/cache/dart-sdk/bin/resources/devtools/assets/packages/devtools_app_shared/fonts/Roboto_Mono/RobotoMono-Bold.ttf
109500	bin/cache/dart-sdk/bin/resources/devtools/assets/fonts/Roboto_Mono/RobotoMono-Bold.ttf
109441	CHANGELOG.md
109292	bin/cache/dart-sdk/bin/resources/devtools/assets/packages/devtools_app_shared/fonts/Roboto_Mono/RobotoMono-Medium.ttf
109292	bin/cache/dart-sdk/bin/resources/devtools/assets/fonts/Roboto_Mono/RobotoMono-Medium.ttf
109212	bin/cache/dart-sdk/bin/resources/devtools/assets/packages/devtools_app_shared/fonts/Roboto_Mono/RobotoMono-Regular.ttf
109212	bin/cache/dart-sdk/bin/resources/devtools/assets/fonts/Roboto_Mono/RobotoMono-Regular.ttf
108995	packages/flutter_tools/test/commands.shard/hermetic/build_ipa_test.dart
108430	packages/flutter/lib/src/widgets/routes.dart
108152	dev/integration_tests/flavors/android/project-app.lockfile
108065	.pub-preload-cache/test_core-0.6.15.tar.gz
107510	bin/cache/pkg/sky_engine/lib/ffi/ffi.dart
107510	bin/cache/dart-sdk/lib/ffi/ffi.dart
107486	packages/flutter/lib/src/cupertino/menu_anchor.dart
107422	packages/flutter/lib/src/widgets/overlay.dart
106723	packages/flutter/test/material/reorderable_list_test.dart
106543	packages/flutter/test/material/time_picker_test.dart
105940	engine/src/flutter/impeller/fixtures/table_mountain_nz.png
105926	bin/cache/pkg/sky_engine/lib/async/stream.dart
105926	bin/cache/dart-sdk/lib/async/stream.dart
105785	packages/flutter/lib/src/widgets/media_query.dart
105597	packages/flutter/test/material/outlined_button_test.dart
105206	packages/flutter/lib/src/material/tabs.dart
104764	packages/flutter/lib/src/rendering/layer.dart
103948	engine/src/flutter/shell/platform/linux/fl_key_embedder_responder_test.cc
103562	packages/flutter/test/material/filled_button_test.dart
103305	packages/flutter_tools/test/general.shard/project_test.dart
102842	bin/cache/pkg/sky_engine/lib/_internal/vm_shared/lib/bigint_patch.dart
102842	bin/cache/dart-sdk/lib/_internal/vm_shared/lib/bigint_patch.dart
102153	engine/src/flutter/impeller/fixtures/table_mountain_pz.png
102098	engine/src/flutter/third_party/accessibility/ax/ax_tree.cc
101688	dev/integration_tests/flutter_gallery/android/project-video_player_android.lockfile
101146	dev/benchmarks/platform_views_layout/android/project-google_mobile_ads.lockfile
101104	engine/src/flutter/impeller/fixtures/table_mountain_nx.png
100973	engine/src/flutter/docs/rbe/luci.png
100224	packages/flutter/test/material/carousel_test.dart
99443	packages/flutter/lib/src/material/app_bar.dart
99401	packages/flutter/lib/src/widgets/focus_traversal.dart
99355	packages/flutter_test/lib/src/controller.dart
99274	engine/src/flutter/shell/platform/windows/keyboard_unittests.cc
99177	packages/flutter/test/widgets/raw_tooltip_test.dart
98880	engine/src/flutter/lib/web_ui/lib/src/engine/text_editing/text_editing.dart
98787	.pub-preload-cache/url_launcher_macos-3.2.5.tar.gz
98660	packages/flutter/test/widgets/focus_manager_test.dart
98113	bin/cache/flutter_web_sdk/lib/_engine/engine/text_editing/text_editing.dart
98067	packages/flutter/lib/src/widgets/scrollable.dart
97437	engine/src/flutter/impeller/fixtures/table_mountain_px.png
97165	engine/src/flutter/shell/common/shell.cc
96676	packages/flutter/lib/src/widgets/focus_manager.dart
96365	bin/cache/pkg/sky_engine/lib/_internal/vm/bin/socket_patch.dart
96365	bin/cache/dart-sdk/lib/_internal/vm/bin/socket_patch.dart
95817	packages/flutter_tools/test/general.shard/android/android_gradle_builder_test.dart
95670	packages/flutter/test/material/theme_data_test.dart
94520	packages/flutter/lib/src/cupertino/dialog.dart
94361	packages/flutter/test/rendering/viewport_test.dart
93394	engine/src/flutter/impeller/display_list/canvas.cc
93205	packages/flutter/test/material/elevated_button_test.dart
92016	dev/benchmarks/complex_layout/android/project-integration_test.lockfile
91797	packages/flutter/test/material/app_bar_sliver_test.dart
91561	bin/cache/pkg/sky_engine/lib/js_interop/js_interop.dart
91561	bin/cache/dart-sdk/lib/js_interop/js_interop.dart
91502	packages/flutter/test/cupertino/date_picker_test.dart
91299	bin/cache/dart-sdk/lib/_internal/wasm/lib/convert_patch.dart
91273	packages/flutter/lib/src/material/chip.dart
91271	engine/src/flutter/lib/web_ui/test/ui/fragment_shader_test.dart
91171	packages/flutter/test/material/text_button_test.dart
90852	packages/flutter/test/widgets/framework_test.dart
90810	packages/flutter_tools/test/general.shard/ios/code_signing_test.dart
90777	engine/src/flutter/shell/platform/android/platform_view_android_jni_impl.cc
90422	engine/src/flutter/lib/web_ui/lib/src/engine/dom.dart
90065	bin/cache/flutter_web_sdk/lib/_engine/engine/dom.dart
89980	packages/flutter/test/widgets/sliversemantics_test.dart
89936	.pub-preload-cache/quiver-3.2.2.tar.gz
89852	dev/integration_tests/release_smoke_test/android/project-integration_test.lockfile
89852	dev/integration_tests/android_semantics_testing/android/project-integration_test.lockfile
89852	dev/benchmarks/macrobenchmarks/android/project-integration_test.lockfile
89843	packages/flutter/test/cupertino/action_sheet_test.dart
89833	packages/flutter/lib/src/widgets/scroll_view.dart
89281	engine/src/flutter/shell/platform/android/test/io/flutter/plugin/platform/PlatformViewsControllerTest.java
89266	bin/cache/dart-sdk/lib/_internal/wasm/lib/js_typed_array.dart
88902	packages/flutter/test/material/radio_list_tile_test.dart
88685	packages/flutter/lib/src/material/color_scheme.dart
88546	examples/platform_view/android/project-app.lockfile
88546	examples/flutter_view/android/project-app.lockfile
87961	dev/integration_tests/flutter_gallery/android/project-url_launcher_android.lockfile
87732	packages/flutter/test/gestures/drag_test.dart
87667	packages/flutter/lib/src/widgets/scrollbar.dart
87622	packages/flutter/lib/src/widgets/_window.dart
87552	packages/flutter/lib/src/widgets/implicit_animations.dart
87432	.pub-preload-cache/dap-1.4.0.tar.gz
87099	packages/flutter/lib/src/rendering/sliver.dart
