180539732	artifacts/engine/android-arm64/flutter.jar
119879867	artifacts/engine/android-x64/flutter.jar
115209561	artifacts/engine/android-x86/flutter.jar
114673715	artifacts/engine/android-arm/flutter.jar
73213024	dart-sdk/bin/snapshots/analysis_server.dart.snapshot
59601824	dart-sdk/bin/snapshots/dartdevc.dart.snapshot
52676912	dart-sdk/bin/snapshots/kernel-service.dart.snapshot
45857842	artifacts/engine/android-x64-profile/flutter.jar
45598569	artifacts/engine/android-arm64-profile/flutter.jar
44700757	artifacts/engine/android-arm-profile/flutter.jar
44492064	flutter_tools.snapshot
42694799	artifacts/engine/android-x64-release/flutter.jar
42426528	artifacts/engine/android-arm64-release/flutter.jar
42058064	artifacts/engine/linux-x64/libflutter_linux_gtk.so
41487237	artifacts/engine/android-arm-release/flutter.jar
40859864	dart-sdk/bin/dartvm
35242872	artifacts/engine/linux-x64/flutter_tester
26014480	dart-sdk/bin/snapshots/analysis_server_aot.dart.snapshot
24738048	dart-sdk/bin/snapshots/dart2wasm_product.snapshot
22491760	dart-sdk/bin/snapshots/dartdev_aot.dart.snapshot
20392664	dart-sdk/bin/snapshots/dart2js_aot.dart.snapshot
17877248	artifacts/engine/linux-x64-profile/libflutter_linux_gtk.so
17373984	flutter_web_sdk/kernel/dart2js_platform.dill
16988288	artifacts/engine/linux-x64-release/libflutter_linux_gtk.so
16965492	flutter_web_sdk/kernel/ddcLibraryBundle-canvaskit/dart_sdk.js
16461496	dart-sdk/bin/snapshots/frontend_server_aot.dart.snapshot
16461496	artifacts/engine/linux-x64/frontend_server_aot.dart.snapshot
15961496	flutter_web_sdk/kernel/dart2wasm_platform.dill
15400713	flutter_web_sdk/kernel/amd-canvaskit/dart_sdk.js
15334224	dart-sdk/bin/dartaotruntime_asan
14902336	dart-sdk/bin/snapshots/dartdevc_aot.dart.snapshot
13791712	dart-sdk/bin/snapshots/gen_kernel_aot.dart.snapshot
13696592	dart-sdk/bin/snapshots/kernel_worker_aot.dart.snapshot
12676784	dart-sdk/bin/snapshots/dart2bytecode.dart.snapshot
11929056	dart-sdk/bin/dartaotruntime_msan
11093091	artifacts/engine/linux-x64/isolate_snapshot.bin
10941304	dart-sdk/bin/dartaotruntime_tsan
10560256	dart-sdk/lib/_internal/ddc_platform.dill
10292168	dart-sdk/lib/_internal/dart2js_platform.dill
9951672	artifacts/engine/common/flutter_patched_sdk/platform_strong.dill
9951616	artifacts/engine/common/flutter_patched_sdk_product/platform_strong.dill
8867976	artifacts/engine/linux-x64/impellerc
8396568	dart-sdk/lib/_internal/dart2wasm_platform.dill
8267424	dart-sdk/lib/_internal/vm_platform_strong.dill
8267424	dart-sdk/lib/_internal/vm_platform.dill
8267376	dart-sdk/lib/_internal/vm_platform_product.dill
8261368	dart-sdk/bin/utils/wasm-opt
7439048	dart-sdk/lib/_internal/dart2wasm_js_compatibility_platform.dill
7229467	flutter_web_sdk/canvaskit/canvaskit.wasm
7187832	artifacts/engine/android-arm64-profile/linux-x64/gen_snapshot
7130872	artifacts/engine/android-x64-profile/linux-x64/gen_snapshot
6954104	artifacts/engine/android-arm-profile/linux-x64/gen_snapshot
6526704	dart-sdk/lib/_internal/dart2js_server_platform.dill
6165712	artifacts/engine/linux-x64/gen_snapshot
6165712	artifacts/engine/linux-x64-profile/gen_snapshot
6112728	artifacts/engine/android-arm64-release/linux-x64/gen_snapshot
6057016	artifacts/engine/android-x64-release/linux-x64/gen_snapshot
5899062	dart-sdk/bin/resources/devtools/main.dart.wasm.map
5884680	dart-sdk/bin/dartaotruntime
5880248	artifacts/engine/android-arm-release/linux-x64/gen_snapshot
5760502	flutter_web_sdk/canvaskit/chromium/canvaskit.wasm
5674773	dart-sdk/bin/resources/devtools/main.dart.js
5606774	dart-sdk/bin/resources/devtools/main.dart.js.map
5423550	dart-sdk/bin/resources/devtools/main.dart.wasm
5371448	artifacts/engine/linux-x64-release/gen_snapshot
5172643	flutter_web_sdk/canvaskit/skwasm_heavy.wasm
5078896	dart-sdk/bin/snapshots/dart_mcp_server_aot.dart.snapshot
5025912	dart-sdk/bin/snapshots/dds_aot.dart.snapshot
5009992	dart-sdk/bin/dart
4728144	artifacts/engine/linux-x64/const_finder.dart.snapshot
4721104	dart-sdk/bin/utils/gen_snapshot
4138344	flutter_web_sdk/canvaskit/experimental_webparagraph/canvaskit.wasm
3993904	flutter_web_sdk/kernel/ddc_outline.dill
3747960	dart-sdk/bin/snapshots/dart_tooling_daemon_aot.dart.snapshot
3580947	flutter_web_sdk/canvaskit/skwasm.wasm
3514226	flutter_web_sdk/canvaskit/wimp.wasm
2768048	dart-sdk/lib/_internal/ddc_outline.dill
2020172	flutter_web_sdk/kernel/amd-canvaskit/dart_sdk.js.map
2002136	flutter_web_sdk/lib/_engine/engine/font_fallback_data.dart
1904552	artifacts/engine/common/flutter_patched_sdk_product/vm_outline_strong.dill
1904552	artifacts/engine/common/flutter_patched_sdk/vm_outline_strong.dill
1866888	dart-sdk/lib/_internal/dart2wasm_outline.dill
1819256	artifacts/engine/linux-x64/font-subset
1801519	flutter_web_sdk/canvaskit/wimp.js.symbols
1799093	flutter_web_sdk/kernel/ddcLibraryBundle-canvaskit/dart_sdk.js.map
1666301	flutter_web_sdk/canvaskit/skwasm_heavy.js.symbols
1645184	artifacts/material_fonts/MaterialIcons-Regular.otf
1558864	dart-sdk/lib/_internal/dart2wasm_js_compatibility_outline.dill
1541208	flutter_web_sdk/canvaskit/skwasm.js.symbols
1357066	flutter_web_sdk/canvaskit/canvaskit.js.symbols
1285117	pkg/sky_engine/LICENSE
1274971	flutter_web_sdk/canvaskit/chromium/canvaskit.js.symbols
1269030	pkg/sky_engine/lib/html/html_dart2js.dart
1269030	dart-sdk/lib/html/dart2js/html_dart2js.dart
1248006	dart-sdk/bin/dartvm.sym
1004464	flutter_web_sdk/canvaskit/experimental_webparagraph/canvaskit.js.symbols
922528	dart-sdk/bin/utils/gen_snapshot.sym
862304	artifacts/engine/linux-x64/icudtl.dat
491352	artifacts/engine/linux-x64/libpath_ops.so
340811	pkg/sky_engine/lib/ui/painting.dart
326248	artifacts/engine/linux-x64/libtessellator.so
228708	artifacts/material_fonts/codepoints
192195	pkg/sky_engine/lib/core/uri.dart
192195	dart-sdk/lib/core/uri.dart
177552	artifacts/material_fonts/Roboto-BlackItalic.ttf
176864	artifacts/material_fonts/Roboto-MediumItalic.ttf
176616	artifacts/material_fonts/Roboto-LightItalic.ttf
176300	artifacts/material_fonts/Roboto-ThinItalic.ttf
175888	artifacts/material_fonts/RobotoCondensed-BoldItalic.ttf
175380	artifacts/material_fonts/RobotoCondensed-LightItalic.ttf
175188	artifacts/material_fonts/RobotoCondensed-Italic.ttf
174952	artifacts/material_fonts/Roboto-BoldItalic.ttf
173932	artifacts/material_fonts/Roboto-Italic.ttf
172064	artifacts/material_fonts/Roboto-Medium.ttf
171904	artifacts/material_fonts/Roboto-Thin.ttf
171759	dart-sdk/lib/dev_compiler/web/dart_stack_trace_mapper.js
171676	artifacts/material_fonts/Roboto-Regular.ttf
171480	artifacts/material_fonts/Roboto-Black.ttf
170760	artifacts/material_fonts/Roboto-Bold.ttf
170420	artifacts/material_fonts/Roboto-Light.ttf
170284	artifacts/material_fonts/RobotoCondensed-Regular.ttf
169800	artifacts/material_fonts/RobotoCondensed-Bold.ttf
168004	artifacts/material_fonts/RobotoCondensed-Light.ttf
162321	pkg/sky_engine/lib/typed_data/typed_data.dart
162321	dart-sdk/lib/typed_data/typed_data.dart
155349	dart-sdk/include/dart_api.h
146724	pkg/sky_engine/lib/ui/text.dart
133909	pkg/sky_engine/lib/ui/platform_dispatcher.dart
129296	dart-sdk/lib/web_gl/dart2js/web_gl_dart2js.dart
123143	pkg/sky_engine/lib/_http/http_impl.dart
123143	dart-sdk/lib/_http/http_impl.dart
114440	dart-sdk/lib/svg/dart2js/svg_dart2js.dart
107510	pkg/sky_engine/lib/ffi/ffi.dart
107510	dart-sdk/lib/ffi/ffi.dart
105926	pkg/sky_engine/lib/async/stream.dart
105926	dart-sdk/lib/async/stream.dart
91561	pkg/sky_engine/lib/js_interop/js_interop.dart
91561	dart-sdk/lib/js_interop/js_interop.dart
90065	flutter_web_sdk/lib/_engine/engine/dom.dart
86859	flutter_web_sdk/canvaskit/canvaskit.js
86496	flutter_web_sdk/canvaskit/chromium/canvaskit.js
86482	dart-sdk/lib/dev_compiler/amd/require.js
85752	pkg/sky_engine/lib/ui/semantics.dart
82455	dart-sdk/lib/dev_compiler/ddc/ddc_module_loader.js
80611	pkg/sky_engine/lib/_http/http.dart
80611	dart-sdk/lib/_http/http.dart
79101	pkg/sky_engine/lib/ui/geometry.dart
76497	flutter_web_sdk/canvaskit/experimental_webparagraph/canvaskit.js
73081	flutter_web_sdk/lib/_engine/engine/platform_dispatcher.dart
63429	flutter_web_sdk/canvaskit/skwasm_heavy.js
63316	flutter_web_sdk/canvaskit/skwasm.js
58396	flutter_web_sdk/canvaskit/wimp.js
53636	artifacts/gradle_wrapper/gradle/wrapper/gradle-wrapper.jar
52339	pkg/sky_engine/lib/async/future.dart
52339	dart-sdk/lib/async/future.dart
52329	pkg/sky_engine/lib/io/socket.dart
52329	dart-sdk/lib/io/socket.dart
51596	pkg/sky_engine/lib/ui/window.dart
50395	pkg/sky_engine/lib/io/secure_socket.dart
50395	dart-sdk/lib/io/secure_socket.dart
48846	pkg/sky_engine/lib/isolate/isolate.dart
48846	dart-sdk/lib/isolate/isolate.dart
48406	dart-sdk/lib/_internal/fix_data.yaml
47447	flutter_web_sdk/lib/_engine/engine/pointer_binding.dart
47326	dart-sdk/bin/resources/devtools/main.dart.mjs
47283	dart-sdk/lib/web_audio/dart2js/web_audio_dart2js.dart
46861	pkg/sky_engine/lib/io/file.dart
46861	dart-sdk/lib/io/file.dart
45908	flutter_web_sdk/flutter_js/flutter.js.map
42675	pkg/sky_engine/lib/_http/websocket_impl.dart
42675	dart-sdk/lib/_http/websocket_impl.dart
42308	flutter_web_sdk/lib/ui/geometry.dart
41956	pkg/sky_engine/lib/_http/http_parser.dart
41956	dart-sdk/lib/_http/http_parser.dart
41559	pkg/sky_engine/lib/_http/http_headers.dart
41559	dart-sdk/lib/_http/http_headers.dart
40840	pkg/sky_engine/lib/convert/json.dart
40840	dart-sdk/lib/convert/json.dart
40696	pkg/sky_engine/lib/collection/splay_tree.dart
40696	dart-sdk/lib/collection/splay_tree.dart
39743	pkg/sky_engine/lib/core/iterable.dart
39743	dart-sdk/lib/core/iterable.dart
39633	dart-sdk/lib/indexed_db/dart2js/indexed_db_dart2js.dart
39495	dart-sdk/lib/mirrors/mirrors.dart
38611	flutter_web_sdk/lib/_engine/engine/vector_math.dart
38542	pkg/sky_engine/lib/async/future_impl.dart
38542	dart-sdk/lib/async/future_impl.dart
38089	pkg/sky_engine/lib/io/file_system_entity.dart
38089	dart-sdk/lib/io/file_system_entity.dart
37965	pkg/sky_engine/lib/ui/compositing.dart
37374	pkg/sky_engine/lib/async/stream_impl.dart
37374	dart-sdk/lib/async/stream_impl.dart
37119	flutter_web_sdk/lib/_skwasm_impl/skwasm_impl/paragraph.dart
37049	pkg/sky_engine/lib/core/string.dart
37049	dart-sdk/lib/core/string.dart
36395	pkg/sky_engine/lib/async/zone.dart
36395	dart-sdk/lib/async/zone.dart
35966	pkg/sky_engine/lib/async/stream_controller.dart
35966	dart-sdk/lib/async/stream_controller.dart
35255	flutter_web_sdk/lib/ui/painting.dart
35015	pkg/sky_engine/lib/io/file_impl.dart
35015	dart-sdk/lib/io/file_impl.dart
34237	pkg/sky_engine/lib/core/date_time.dart
34237	dart-sdk/lib/core/date_time.dart
34118	pkg/sky_engine/lib/internal/internal.dart
34118	dart-sdk/lib/internal/internal.dart
32786	pkg/sky_engine/lib/core/list.dart
32786	dart-sdk/lib/core/list.dart
32647	pkg/sky_engine/lib/convert/base64.dart
32647	dart-sdk/lib/convert/base64.dart
31269	pkg/sky_engine/lib/collection/queue.dart
31269	dart-sdk/lib/collection/queue.dart
30353	flutter_web_sdk/lib/_engine/engine/window.dart
30259	flutter_web_sdk/lib/ui/semantics.dart
29854	pkg/sky_engine/lib/internal/iterable.dart
29854	dart-sdk/lib/internal/iterable.dart
28520	flutter_web_sdk/lib/_engine/engine/pointer_converter.dart
28183	pkg/sky_engine/lib/io/process.dart
28183	dart-sdk/lib/io/process.dart
26873	flutter_web_sdk/lib/_engine/engine/keyboard_binding.dart
26729	pkg/sky_engine/lib/ui/channel_buffers.dart
25042	pkg/sky_engine/lib/convert/utf.dart
25042	dart-sdk/lib/convert/utf.dart
24420	flutter_web_sdk/lib/_web_test_fonts/web_test_fonts/web_test_fonts.dart
24179	flutter_web_sdk/lib/_engine/engine/util.dart
23919	pkg/sky_engine/lib/core/num.dart
23919	dart-sdk/lib/core/num.dart
23887	dart-sdk/lib/_wasm/wasm_types.dart
23223	pkg/sky_engine/lib/core/errors.dart
23223	dart-sdk/lib/core/errors.dart
23119	pkg/flutter_gpu/render_pass.cc
22902	dart-sdk/include/dart_tools_api.h
22874	dart-sdk/lib/libraries.json
22656	pkg/sky_engine/lib/async/zone_specification.dart
22656	dart-sdk/lib/async/zone_specification.dart
22420	flutter_web_sdk/lib/_engine/engine/key_map.g.dart
22332	pkg/sky_engine/sdk_ext/vmservice_server.dart
21551	flutter_web_sdk/lib/_skwasm_impl/skwasm_impl/shaders.dart
21102	artifacts/engine/linux-x64/flutter_linux/fl_value.h
21102	artifacts/engine/linux-x64-release/flutter_linux/fl_value.h
21102	artifacts/engine/linux-x64-profile/flutter_linux/fl_value.h
21071	flutter_web_sdk/lib/ui/text.dart
20855	flutter_web_sdk/lib/ui/platform_dispatcher.dart
20730	pkg/sky_engine/lib/io/data_transformer.dart
20730	dart-sdk/lib/io/data_transformer.dart
20695	pkg/sky_engine/lib/core/bigint.dart
20695	dart-sdk/lib/core/bigint.dart
20483	pkg/sky_engine/lib/core/map.dart
20483	dart-sdk/lib/core/map.dart
20412	pkg/sky_engine/lib/core/regexp.dart
20412	dart-sdk/lib/core/regexp.dart
19988	flutter_web_sdk/lib/ui/rsuperellipse_param.dart
19977	pkg/sky_engine/lib/_interceptors/interceptors.dart
19474	pkg/sky_engine/lib/async/future_extensions.dart
19474	dart-sdk/lib/async/future_extensions.dart
19455	pkg/sky_engine/lib/io/stdio.dart
19455	dart-sdk/lib/io/stdio.dart
19271	pkg/sky_engine/lib/io/overrides.dart
19271	dart-sdk/lib/io/overrides.dart
19168	pkg/sky_engine/lib/core/object.dart
19168	dart-sdk/lib/core/object.dart
18531	artifacts/material_fonts/MaterialIcons_LICENSE.txt
18384	pkg/flutter_gpu/formats.h
17939	pkg/flutter_gpu/lib/src/render_pass.dart
17386	pkg/sky_engine/lib/collection/list.dart
17386	dart-sdk/lib/collection/list.dart
17312	flutter_web_sdk/lib/_engine/engine/lazy_path.dart
17299	flutter_web_sdk/lib/_engine/engine/font_fallbacks.dart
17234	pkg/sky_engine/lib/ui/pointer.dart
17093	pkg/sky_engine/lib/_http/websocket.dart
17093	dart-sdk/lib/_http/websocket.dart
17007	pkg/sky_engine/lib/core/int.dart
17007	dart-sdk/lib/core/int.dart
16897	pkg/sky_engine/lib/ffi/c_type.dart
16897	dart-sdk/lib/ffi/c_type.dart
15710	pkg/sky_engine/lib/ui/hooks.dart
15570	pkg/sky_engine/lib/async/broadcast_stream_controller.dart
15570	dart-sdk/lib/async/broadcast_stream_controller.dart
15461	flutter_web_sdk/lib/_skwasm_impl/skwasm_impl/renderer.dart
15346	flutter_web_sdk/lib/_engine/engine/image_format_detector.dart
15138	flutter_web_sdk/lib/_engine/engine/configuration.dart
15059	pkg/sky_engine/lib/io/directory.dart
15059	dart-sdk/lib/io/directory.dart
15014	pkg/sky_engine/lib/core/duration.dart
15014	dart-sdk/lib/core/duration.dart
15006	pkg/flutter_gpu/shader_library.cc
14755	pkg/sky_engine/lib/ffi/native_finalizer.dart
14755	dart-sdk/lib/ffi/native_finalizer.dart
14676	dart-sdk/bin/resources/devtools/flutter_bootstrap.js
14616	pkg/sky_engine/lib/core/annotations.dart
14616	dart-sdk/lib/core/annotations.dart
14117	flutter_web_sdk/lib/_skwasm_impl/skwasm_impl/canvas.dart
13839	pkg/sky_engine/lib/core/set.dart
13839	dart-sdk/lib/core/set.dart
13800	flutter_web_sdk/lib/_skwasm_impl/skwasm_impl/filters.dart
13743	pkg/sky_engine/lib/io/link.dart
13743	dart-sdk/lib/io/link.dart
13685	pkg/sky_engine/lib/async/stream_pipe.dart
13685	dart-sdk/lib/async/stream_pipe.dart
13646	artifacts/engine/linux-x64/vm_isolate_snapshot.bin
13068	pkg/sky_engine/lib/math/rectangle.dart
13068	dart-sdk/lib/math/rectangle.dart
13061	pkg/sky_engine/lib/io/security_context.dart
13061	dart-sdk/lib/io/security_context.dart
12822	dart-sdk/lib/html/html_common/conversions.dart
12726	pkg/sky_engine/lib/io/directory_impl.dart
12726	dart-sdk/lib/io/directory_impl.dart
12606	pkg/sky_engine/lib/developer/timeline.dart
12606	dart-sdk/lib/developer/timeline.dart
12518	pkg/sky_engine/lib/collection/set.dart
12518	dart-sdk/lib/collection/set.dart
12515	pkg/sky_engine/lib/collection/maps.dart
12515	dart-sdk/lib/collection/maps.dart
12385	pkg/sky_engine/lib/core/weak.dart
12385	dart-sdk/lib/core/weak.dart
12273	pkg/sky_engine/lib/internal/sort.dart
12273	dart-sdk/lib/internal/sort.dart
12075	pkg/sky_engine/lib/io/network_profiling.dart
12075	dart-sdk/lib/io/network_profiling.dart
11840	pkg/sky_engine/lib/internal/list.dart
11840	dart-sdk/lib/internal/list.dart
11663	pkg/sky_engine/lib/collection/hash_map.dart
11663	dart-sdk/lib/collection/hash_map.dart
11644	pkg/sky_engine/lib/collection/linked_hash_map.dart
11644	dart-sdk/lib/collection/linked_hash_map.dart
11358	artifacts/material_fonts/Roboto_LICENSE.txt
11358	artifacts/material_fonts/RobotoCondensed_LICENSE.txt
10867	flutter_web_sdk/lib/_engine/engine/renderer.dart
10853	pkg/sky_engine/lib/io/secure_server_socket.dart
10853	dart-sdk/lib/io/secure_server_socket.dart
10836	pkg/sky_engine/lib/convert/ascii.dart
10836	dart-sdk/lib/convert/ascii.dart
10493	pkg/sky_engine/lib/io/io_sink.dart
10493	dart-sdk/lib/io/io_sink.dart
10469	dart-sdk/lib/js_util/js_util.dart
10449	pkg/flutter_gpu/lib/src/buffer.dart
10388	pkg/sky_engine/lib/developer/developer.dart
10388	dart-sdk/lib/developer/developer.dart
10200	dart-sdk/lib/web_sql/dart2js/web_sql_dart2js.dart
10031	pkg/sky_engine/lib/convert/html_escape.dart
10031	dart-sdk/lib/convert/html_escape.dart
9848	pkg/sky_engine/lib/internal/cast.dart
9848	dart-sdk/lib/internal/cast.dart
9775	pkg/sky_engine/lib/async/stream_transformers.dart
9775	dart-sdk/lib/async/stream_transformers.dart
9773	pkg/sky_engine/lib/collection/linked_list.dart
9773	dart-sdk/lib/collection/linked_list.dart
9763	flutter_web_sdk/lib/ui/channel_buffers.dart
9758	pkg/sky_engine/lib/io/platform.dart
9758	dart-sdk/lib/io/platform.dart
9565	pkg/sky_engine/sdk_ext/vmservice_io.dart
9553	flutter_web_sdk/flutter_js/flutter.js
9553	dart-sdk/bin/resources/devtools/flutter.js
9414	pkg/sky_engine/lib/convert/string_conversion.dart
9414	dart-sdk/lib/convert/string_conversion.dart
9371	pkg/sky_engine/lib/_http/http_date.dart
9371	dart-sdk/lib/_http/http_date.dart
9316	pkg/sky_engine/lib/io/io.dart
9316	dart-sdk/lib/io/io.dart
9281	pkg/sky_engine/lib/core/double.dart
9281	dart-sdk/lib/core/double.dart
9266	pkg/sky_engine/lib/core/bool.dart
9266	dart-sdk/lib/core/bool.dart
9231	dart-sdk/include/dart_api_dl.h
9137	flutter_web_sdk/lib/_skwasm_impl/skwasm_impl/surface.dart
9105	flutter_web_sdk/lib/_engine/engine/image_decoder.dart
9032	flutter_web_sdk/flutter_js/src/entrypoint_loader.js
9030	pkg/sky_engine/lib/convert/line_splitter.dart
9030	dart-sdk/lib/convert/line_splitter.dart
8963	pkg/sky_engine/lib/_http/crypto.dart
8963	dart-sdk/lib/_http/crypto.dart
8914	flutter_web_sdk/lib/_skwasm_impl/skwasm_impl/font_collection.dart
8883	flutter_web_sdk/lib/_skwasm_stub/skwasm_stub/renderer.dart
8861	pkg/sky_engine/lib/math/math.dart
8861	dart-sdk/lib/math/math.dart
8622	pkg/flutter_gpu/render_pass.h
8605	artifacts/engine/linux-x64/flutter_linux/fl_binary_messenger.h
8605	artifacts/engine/linux-x64-release/flutter_linux/fl_binary_messenger.h
8605	artifacts/engine/linux-x64-profile/flutter_linux/fl_binary_messenger.h
8444	flutter_web_sdk/lib/_engine/engine/frame_service.dart
8424	pkg/sky_engine/lib/core/function.dart
8424	dart-sdk/lib/core/function.dart
8302	flutter_web_sdk/lib/_engine/engine/native_memory.dart
8212	pkg/sky_engine/lib/js/js.dart
8212	flutter_web_sdk/lib/_engine/engine/initialization.dart
8212	dart-sdk/lib/js/js.dart
8182	flutter_web_sdk/lib/_engine/engine/raw_keyboard.dart
8039	pkg/sky_engine/lib/collection/linked_hash_set.dart
8039	dart-sdk/lib/collection/linked_hash_set.dart
7855	flutter_web_sdk/lib/_engine/engine.dart
7789	artifacts/engine/linux-x64/flutter_linux/fl_basic_message_channel.h
7789	artifacts/engine/linux-x64-release/flutter_linux/fl_basic_message_channel.h
7789	artifacts/engine/linux-x64-profile/flutter_linux/fl_basic_message_channel.h
7664	pkg/sky_engine/lib/collection/hash_set.dart
7664	dart-sdk/lib/collection/hash_set.dart
7625	dart-sdk/include/dart_native_api.h
7605	pkg/sky_engine/lib/ui/key.dart
7527	dart-sdk/lib/html/html_common/css_class_set.dart
7454	flutter_web_sdk/lib/_web_locale_keymap/web_locale_keymap/key_mappings.g.dart
7396	flutter_web_sdk/lib/_skwasm_impl/skwasm_impl/path.dart
7389	pkg/sky_engine/lib/convert/latin1.dart
7389	dart-sdk/lib/convert/latin1.dart
7341	artifacts/engine/linux-x64/flutter_linux/fl_method_channel.h
7341	artifacts/engine/linux-x64-release/flutter_linux/fl_method_channel.h
7341	artifacts/engine/linux-x64-profile/flutter_linux/fl_method_channel.h
7234	artifacts/engine/linux-x64/flutter_linux/fl_event_channel.h
7234	artifacts/engine/linux-x64-release/flutter_linux/fl_event_channel.h
7234	artifacts/engine/linux-x64-profile/flutter_linux/fl_event_channel.h
7207	pkg/sky_engine/lib/async/zone_delegate.dart
7207	dart-sdk/lib/async/zone_delegate.dart
7192	pkg/sky_engine/lib/developer/extension.dart
7192	dart-sdk/lib/developer/extension.dart
7183	pkg/sky_engine/lib/ffi/native_type.dart
7183	dart-sdk/lib/ffi/native_type.dart
7124	pkg/sky_engine/lib/core/core.dart
7124	dart-sdk/lib/core/core.dart
7106	pkg/sky_engine/lib/ui/platform_isolate.dart
7099	flutter_web_sdk/lib/ui_web/ui_web/browser_detection.dart
6999	pkg/sky_engine/lib/_js_types/js_types.dart
6988	artifacts/engine/linux-x64/flutter_linux/fl_standard_message_codec.h
6988	artifacts/engine/linux-x64-release/flutter_linux/fl_standard_message_codec.h
6988	artifacts/engine/linux-x64-profile/flutter_linux/fl_standard_message_codec.h
6912	flutter_web_sdk/lib/_engine/engine/safe_browser_api.dart
6838	artifacts/engine/linux-x64/flutter_linux/fl_method_response.h
6838	artifacts/engine/linux-x64-release/flutter_linux/fl_method_response.h
6838	artifacts/engine/linux-x64-profile/flutter_linux/fl_method_response.h
6661	pkg/sky_engine/lib/core/enum.dart
6661	dart-sdk/lib/core/enum.dart
6608	pkg/sky_engine/lib/ffi/struct.dart
6608	dart-sdk/lib/ffi/struct.dart
6590	pkg/sky_engine/lib/internal/bytes_builder.dart
6590	dart-sdk/lib/internal/bytes_builder.dart
6520	pkg/sky_engine/lib/core/exceptions.dart
6520	dart-sdk/lib/core/exceptions.dart
6508	pkg/flutter_gpu/lib/src/context.dart
6480	pkg/sky_engine/lib/core/record.dart
6480	dart-sdk/lib/core/record.dart
6401	pkg/sky_engine/lib/convert/convert.dart
6401	dart-sdk/lib/convert/convert.dart
6387	dart-sdk/lib/_wasm/memory.dart
6283	pkg/sky_engine/lib/async/zone_api.dart
6283	dart-sdk/lib/async/zone_api.dart
6229	flutter_web_sdk/lib/_engine/engine/browser_detection.dart
6202	pkg/sky_engine/lib/ffi/abi.dart
6202	dart-sdk/lib/ffi/abi.dart
6146	pkg/sky_engine/lib/io/io_resource_info.dart
6146	dart-sdk/lib/io/io_resource_info.dart
6136	flutter_web_sdk/flutter_js/src/loader.js
6110	flutter_web_sdk/flutter_js/src/service_worker_loader.js
6104	pkg/flutter_gpu/texture.cc
6036	pkg/sky_engine/lib/io/platform_impl.dart
6036	dart-sdk/lib/io/platform_impl.dart
6008	flutter_web_sdk/lib/ui/key.dart
5968	flutter_web_sdk/lib/_engine/engine/shadow.dart
5923	flutter_web_sdk/lib/_engine/engine/color_filter.dart
5858	pkg/sky_engine/lib/math/point.dart
5858	dart-sdk/lib/math/point.dart
5856	pkg/sky_engine/lib/developer/service.dart
5856	dart-sdk/lib/developer/service.dart
5766	flutter_web_sdk/lib/ui/window.dart
5749	pkg/sky_engine/lib/async/timer.dart
5749	dart-sdk/lib/async/timer.dart
5552	pkg/sky_engine/lib/async/schedule_microtask.dart
5552	dart-sdk/lib/async/schedule_microtask.dart
5501	flutter_web_sdk/lib/_engine/engine/profiler.dart
5491	artifacts/engine/linux-x64/flutter_linux/fl_dart_project.h
5491	artifacts/engine/linux-x64-release/flutter_linux/fl_dart_project.h
5491	artifacts/engine/linux-x64-profile/flutter_linux/fl_dart_project.h
5468	dart-sdk/lib/html/html_common/conversions_dart2js.dart
5467	pkg/sky_engine/lib/async/async.dart
5467	dart-sdk/lib/async/async.dart
5462	pkg/sky_engine/lib/core/invocation.dart
5462	dart-sdk/lib/core/invocation.dart
5427	flutter_web_sdk/lib/_engine/engine/text_fragmenter.dart
5357	flutter_web_sdk/lib/_engine/engine/test_embedding.dart
5352	pkg/sky_engine/lib/_http/http_session.dart
5352	dart-sdk/lib/_http/http_session.dart
5332	flutter_web_sdk/lib/_skwasm_impl/skwasm_impl/paint.dart
5162	artifacts/engine/linux-x64/flutter_linux/fl_method_codec.h
5162	artifacts/engine/linux-x64-release/flutter_linux/fl_method_codec.h
5162	artifacts/engine/linux-x64-profile/flutter_linux/fl_method_codec.h
5101	pkg/sky_engine/lib/core/pattern.dart
5101	dart-sdk/lib/core/pattern.dart
5053	flutter_web_sdk/lib/_engine/engine/svg.dart
5045	pkg/sky_engine/lib/js_interop_unsafe/js_interop_unsafe.dart
5045	dart-sdk/lib/js_interop_unsafe/js_interop_unsafe.dart
5040	artifacts/engine/linux-x64/flutter_linux/fl_message_codec.h
5040	artifacts/engine/linux-x64-release/flutter_linux/fl_message_codec.h
5040	artifacts/engine/linux-x64-profile/flutter_linux/fl_message_codec.h
4971	artifacts/gradle_wrapper/gradlew
4953	pkg/sky_engine/lib/ffi/union.dart
4953	dart-sdk/lib/ffi/union.dart
4935	pkg/sky_engine/lib/ui/natives.dart
4785	pkg/flutter_gpu/shader.cc
4785	flutter_web_sdk/lib/_engine/engine/display.dart
4782	pkg/flutter_gpu/command_buffer.cc
4779	pkg/sky_engine/lib/ffi/dynamic_library.dart
4779	dart-sdk/lib/ffi/dynamic_library.dart
4744	pkg/flutter_gpu/context.cc
4654	pkg/flutter_gpu/lib/src/texture.dart
